OCC_CODE,YEAR,TOT_EMP,EMP_PRSE,PCT_TOTAL,A_MEAN,MEAN_PRSE,A_PCT25,A_MEDIAN,A_PCT75,CPI,PRICE_INDEX,UNEMPLOYMENT_RATE,SP_INDEX
00,2005,130307850,0.28594217223068835,2000.0,37872.94302760732,0.35040392204874105,21901.665951821014,30775.050018859187,45537.51939886968,193.6,107.9,5.1,1178.28
00,2006,132604990,0.2975402505602452,2000.0,39186.516021757554,0.3408802608810693,22637.02603800958,31801.42390719987,47143.15309250429,201.3,117.2,4.6,1290.01
00,2007,134354280,0.2784072005590654,2000.0,40686.510159557256,0.31077671046905436,23469.18603114095,32929.952370702296,48904.85951098841,206.755,118.6,4.4,1511.14
00,2008,135185250,0.2692519620550326,2000.0,42266.990859579724,0.3018558310129815,24312.35438333694,34067.87742597658,50781.51049171415,215.208,141.2,5.4,1403.22
00,2009,130647600,0.2802321420762922,2000.0,43465.3163096758,0.3211029128913442,24856.120791350168,34955.80992762209,52114.996626038286,213.022,116.8,9.4,902.41
00,2010,127097180,0.28860268158607383,2000.0,44405.91104696422,0.33106497570024207,25307.59780508112,35645.1177594971,53234.67070709201,217.29,126.7,9.6,1125.06
00,2011,128278570,0.2864298903415039,2000.0,45224.89972097444,0.30473638519835833,25696.93096750299,36322.415626398084,54291.147976626184,224.806,143.1,9.0,1338.31
00,2012,130287720,0.26714033112314944,2000.0,45784.8624014604,0.3075224102823718,25913.34227047645,36682.80984654578,55009.73977593591,228.713,142.0,8.2,1341.27
00,2013,132588830,0.26930838523021416,2000.0,46442.23854000371,0.3155365552079215,26169.280916047,37092.1583620581,55767.8239169921,231.893,139.4,7.5,1639.84
00,2014,135128290,0.2878037079741747,2000.0,47230.806259000245,0.316440626334476,26515.4563726071,37603.541194075646,56631.80232577501,236.918,140.1,6.3,1889.77
00,2015,137896700,0.27910603339516227,2000.0,48317.29605349512,0.33799353336031496,27045.27356782287,38306.604472768384,57813.45451051403,237.001,126.5,5.6,2111.94
00,2016,140400030,0.28861110695255354,2000.0,49632.609846308434,0.34226176967162814,27784.541169969834,39278.00798831738,59292.71760554467,239.557,119.9,4.8,2065.55
00,2017,142549270,0.2743799292739491,2000.0,50617.75552270454,0.33115514277600594,28453.0013068464,40097.357679208035,60443.29493093862,244.004,122.7,4.4,2395.35
00,2018,144733260,0.2629673706729517,2000.0,51962.88498234614,0.33901779641210117,29436.323799381014,41327.962875292105,62052.396790482024,250.792,128.2,3.8,2701.49
00,2019,146875500,0.27180287793042,2000.0,53493.578675817276,0.34692657026145196,30565.506371042142,42807.31903278627,63984.184665243694,255.296,127.0,3.6,2854.71
00,2020,139099590,0.2689944574782621,2000.0,56305.6141905235,0.4023131082025882,32234.77144397047,45124.511771745696,67379.6155042585,255.848,119.0,13.2,2919.62
00,2021,140886300,0.0,2000.0,58259.902806731385,0.26091322478833195,34139.7667054923,46896.97548448643,69390.29609905292,268.452,132.8,5.8,4167.85
00,2022,147886000,0.0,2000.0,61897.90966961037,0.37900159857956933,36252.848012658396,49189.37883504862,72441.49260917192,291.359,148.2,3.6,4040.36
00,2023,151853880,0.0,2000.0,65473.00032109815,0.34473566145496903,38713.128789992064,51902.292245018696,76110.72040569526,303.365,139.7,3.7,4146.17
11,2005,11918450,1.494180875291341,216.10999999999999,88454.97855845348,0.6797318486034093,57626.80310778667,80611.61618331242,114927.76622799106,193.6,107.9,5.1,1178.28
11,2006,11782040,1.4307723456984272,210.51,91931.24291718582,0.6244444982819222,60099.937880027566,83956.69061554705,124397.68736992915,201.3,117.2,4.6,1290.01
11,2007,12003880,1.485252771550099,213.42,96151.39281632272,0.6518179997131073,62881.28108578226,87750.81571125337,142739.49505493225,206.755,118.6,4.4,1511.14
11,2008,11739690,1.4233673127380886,213.65,100853.36793390627,0.6961798021228983,65375.62939907272,91049.42265085364,128534.41443513415,215.208,141.2,5.4,1403.22
11,2009,12223810,1.336879092028358,223.15,102919.21223415613,0.7336574343077891,66567.3067153367,92310.40584727675,129412.20693875314,213.022,116.8,9.4,902.41
11,2010,12030940,1.3199998505060255,225.77,105450.09446477167,0.6950265801152252,68293.01515924773,94529.96022754665,135791.8283359405,217.29,126.7,9.6,1125.06
11,2011,12364320,1.3263921463542667,231.46,107423.78134826662,0.7371014401927534,69627.59013031045,95955.77200363627,132820.57620637448,224.806,143.1,9.0,1338.31
11,2012,25556240,1.3786935823715185,475.55,108579.5425618166,0.6992344758224204,70420.05154514122,97278.06601831882,136265.26289078518,228.713,142.0,8.2,1341.27
11,2013,26165950,1.3699978053368538,477.83,110562.0230413954,0.6800369219122345,71589.82423722433,99189.02748037048,139069.4461466142,231.893,139.4,7.5,1639.84
11,2014,26960180,1.3618563751937989,483.54,112499.71910795847,0.7442425130907938,72263.15203385141,100769.71713467788,141996.82430532735,236.918,140.1,6.3,1889.77
11,2015,27742430,1.4066385671386339,489.41,115022.83762813856,0.791478075326776,72656.23116287938,101946.8499767324,145422.93848448028,237.001,126.5,5.6,2111.94
11,2016,28358410,1.4007482418215857,492.11,118026.03685467556,0.7765868794440184,74009.55397005685,103900.7821383498,145629.48841631107,239.557,119.9,4.8,2065.55
11,2017,29105980,1.4018138183897446,498.73,119919.90013392437,0.721942264557006,75301.7837021808,105678.87144153882,147889.23652459047,244.004,122.7,4.4,2395.35
11,2018,30443410,1.4099632091192236,514.84,121593.26628981445,0.7663776867045452,76563.17939087638,107358.7195422589,149508.8138615221,250.792,128.2,3.8,2701.49
11,2019,31692340,1.4154049239836572,526.72,122537.18465092826,0.7014247979874809,77611.99067661144,108778.00782144834,152091.7162254349,255.296,127.0,3.6,2854.71
11,2020,31290520,1.5753713574402572,543.04,126521.6856383339,0.8407974413201345,80467.1575480369,112635.67180411192,158043.0212728967,255.848,119.0,13.2,2919.62
11,2021,35322870,1.5884198337226114,609.49,123482.88908857066,0.8156128316238682,79217.30363076387,110761.81784209494,153701.65561858367,268.452,132.8,5.8,4167.85
11,2022,39319750,1.49718050049005,645.36,131210.1017249601,1.1305353421601314,81975.51941963009,114086.76351197553,156439.6097864305,291.359,148.2,3.6,4040.36
11,2023,41962630,1.4210093616708783,673.4,137764.39578024542,0.9962149208259548,86832.56543977343,119957.23113398755,163203.5708533998,303.365,139.7,3.7,4146.17
13,2005,10810180,2.0834655837536413,204.13,57926.451039668165,0.8852255956648849,39189.29489610719,52020.8379416439,70120.90206638558,193.6,107.9,5.1,1178.28
13,2006,11645870,1.9666049848535698,213.69,59995.930179540046,0.8117118813518216,40503.81415901088,53973.38434998845,72917.37568769015,201.3,117.2,4.6,1290.01
13,2007,12028210,1.8769659923445332,219.43,62412.59047688725,0.838243430477315,42073.7570511323,56191.75333653137,75861.56150416397,206.755,118.6,4.4,1511.14
13,2008,12267490,1.750563806447102,222.54,64719.80171167859,0.8134223899359629,43613.68880675672,58324.01080416614,78539.53299330181,215.208,141.2,5.4,1403.22
13,2009,12099240,1.661377739182356,225.09,65914.95651793006,0.8097908655055136,44332.59953517742,59334.88171157858,79720.82043996152,213.022,116.8,9.4,902.41
13,2010,12179730,1.656577856919214,236.42,67690.37578829745,0.7706895842603863,45700.809549965394,61070.663019623586,82015.18006556795,217.29,126.7,9.6,1125.06
13,2011,12341540,1.6398256619111518,237.6,68739.65520510406,0.7430867663271205,46535.6738057001,62200.96342919927,83463.92558789259,224.806,143.1,9.0,1338.31
13,2012,25664970,1.6567409999617178,488.58,69548.39719664586,0.7335765109051158,47113.305111987276,62959.99494641919,84395.96722692448,228.713,142.0,8.2,1341.27
13,2013,26619890,1.667648103209658,500.33,71016.04398064755,0.734056604714799,47940.827798311715,64230.28970442778,86145.92927318632,231.893,139.4,7.5,1639.84
13,2014,27301050,1.665448289836135,507.77,72415.8864329394,0.7656332291595763,48640.86509493225,65271.45676814628,87845.72567721755,236.918,140.1,6.3,1889.77
13,2015,28119400,1.634384835481643,515.56,73803.60296450138,0.7812682392232767,49392.23295660647,66346.49247850239,89575.11514470437,237.001,126.5,5.6,2111.94
13,2016,29115780,1.6470475861950102,528.75,75069.23037267076,0.8117540102848291,50215.20740643046,67204.56178058771,90818.5984060877,239.557,119.9,4.8,2065.55
13,2017,29884520,1.5873962575853453,535.47,76323.98662585177,0.7711122743806373,51143.62116239445,68310.94632605778,92259.50109956592,244.004,122.7,4.4,2395.35
13,2018,30866280,1.701127603584886,543.47,76911.38504542822,0.7912082403052599,51744.003491836396,68958.918988618,92949.91134014206,250.792,128.2,3.8,2701.49
13,2019,30480990,1.585062330867577,525.11,77523.1407706902,0.7334814625947804,52506.073690519894,69908.41424441923,94060.52010777865,255.296,127.0,3.6,2854.71
13,2020,31111910,1.6114876620629444,548.0,80002.66627796236,0.8129925205912076,53981.91472654684,72200.67383198267,97485.75673431814,255.848,119.0,13.2,2919.62
13,2021,35679930,1.6199065710137606,611.55,82805.17422820056,0.7907883242104867,56597.15525787186,74324.022726502,100015.25070536854,268.452,132.8,5.8,4167.85
13,2022,38026640,1.5685369046015212,617.52,86268.12974272773,0.8341601891334588,57953.44160830407,76164.58528810329,102611.50874229225,291.359,148.2,3.6,4040.36
13,2023,40321000,1.5803750950592939,638.51,90545.41576101784,0.8817772204829647,60314.92587485429,79479.95782594678,107416.51794598348,303.365,139.7,3.7,4146.17
15,2005,5880050,2.578299166065763,115.34,67100.27246366952,0.986453690198391,48739.13703114769,64309.690801948964,82565.82253552266,193.6,107.9,5.1,1178.28
15,2006,5776340,2.57689920255822,111.7,69084.81548870046,0.932234772338648,50216.24836834397,66360.0681573453,85146.24712187995,201.3,117.2,4.6,1290.01
15,2007,6365070,2.318180639140169,119.21000000000001,72215.72047125954,0.854941269407249,52525.679890401836,69451.64193009661,89118.79996606479,206.755,118.6,4.4,1511.14
15,2008,6597900,2.1689874076072244,122.8,74536.06518740811,0.8888487260743002,54151.44139802058,71644.15617090286,92015.42819685051,215.208,141.2,5.4,1403.22
15,2009,6604400,2.1302946534395297,125.63,76293.8183332324,0.9125882785300499,55448.17889588759,73219.41089273817,94052.31869662649,213.022,116.8,9.4,902.41
15,2010,6565670,2.122533111806969,127.93,77231.40157820907,0.9035208907305179,56086.445617888196,74060.4442806294,95190.8228710855,217.29,126.7,9.6,1125.06
15,2011,6812880,2.242536206668698,131.04,78726.56606310401,0.8804076992482214,57132.75699850871,75469.4351434342,97274.61952947946,224.806,143.1,9.0,1338.31
15,2012,14307860,2.1149819012838256,271.07,80176.68847752214,0.8684836220479856,57848.42792702752,76708.7250364485,99303.44129031176,228.713,142.0,8.2,1341.27
15,2013,14765620,2.321869520969461,275.9,82014.76990468398,1.019970386119509,58847.929148928386,78449.0921681582,101806.48847119186,231.893,139.4,7.5,1639.84
15,2014,15311970,2.1558059534563987,285.06,83979.90295827381,1.0188743254784245,59743.30703364753,80138.466480799,104482.8658559284,236.918,140.1,6.3,1889.77
15,2015,15993210,2.16086376584555,294.71,86170.5855547448,1.005888441677102,61039.15120854413,82282.44987716663,107488.41669683572,237.001,126.5,5.6,2111.94
15,2016,16655240,2.1154797530644056,304.79,87882.15373660182,0.9332438934987866,61974.524293855866,83728.06689666436,109707.55529791224,239.557,119.9,4.8,2065.55
15,2017,17030740,2.132664289164654,308.81,89817.11858674373,0.9306064805696543,63283.125154867026,85400.6531601093,111914.39767150459,244.004,122.7,4.4,2395.35
15,2018,17522010,2.218989895398081,312.91,91525.58452483476,0.9708000444638949,64548.543471896206,87108.47482109643,114022.12945889198,250.792,128.2,3.8,2701.49
15,2019,18138040,1.9282108202882184,316.38,93770.11911430342,1.0450375617738035,65837.71988594138,89129.25421379598,117030.3605571495,255.296,127.0,3.6,2854.71
15,2020,18132060,2.032547381135426,324.79,96647.25374833307,1.11993496213975,67732.89642213847,92014.07382283093,120916.62562334341,255.848,119.0,13.2,2919.62
15,2021,18521510,1.8753948713651045,329.33,99958.56669353633,0.8620082828618567,68857.91332888085,94316.71009005206,123543.94584458826,268.452,132.8,5.8,4167.85
15,2022,19862530,1.6890068893473438,330.67,108088.58818086114,0.8824537013710123,73392.20015274992,100342.94493199003,131546.5963550464,291.359,148.2,3.6,4040.36
15,2023,20645940,1.5782810577273936,338.63,113206.98092215709,0.718336490806705,77945.51675535238,106947.37915541748,139797.5363437073,303.365,139.7,3.7,4146.17
17,2005,4751820,3.154002883680967,84.92,63906.21568157043,0.8813766136395884,46926.460724522396,60960.70688704539,78485.05597855138,193.6,107.9,5.1,1178.28
17,2006,4846230,3.1287475004139744,84.6,66160.93222979511,0.8682881351454081,48347.147101974115,63073.95102997588,81311.78006409106,201.3,117.2,4.6,1290.01
17,2007,4958110,3.0114448843446153,84.09,68859.17894116911,0.8590263255790335,50178.428009866664,65609.57241771562,84722.89400598212,206.755,118.6,4.4,1511.14
17,2008,5023710,2.8857489792746893,85.69,71445.23977299646,0.9151161205335857,51663.406307290825,67850.66695728854,87950.48229296676,215.208,141.2,5.4,1403.22
17,2009,4807280,2.9008079417518187,87.09,73563.62506448553,0.8911675640764578,53231.98862974489,69794.7945615816,90285.01553893262,213.022,116.8,9.4,902.41
17,2010,4505830,2.8750318954953458,84.97,75366.92416269588,0.9015537676746971,54561.50500573701,71392.41444972402,92324.22832197398,217.29,126.7,9.6,1125.06
17,2011,4610050,2.9280424349195284,88.58,77108.20286114034,0.9080680274015404,55945.37683973059,73022.42734894415,94066.59146863916,224.806,143.1,9.0,1338.31
17,2012,9403490,2.8410435008095307,176.92,78984.41332951914,0.8591033807336821,58188.899557504716,75028.2792133559,96154.38630763684,228.713,142.0,8.2,1341.27
17,2013,9496280,2.6323059096659,175.05,80076.47645183167,0.8160283866173117,58906.50719018395,76041.62556285199,97467.09094508586,231.893,139.4,7.5,1639.84
17,2014,9645670,2.6207256783025525,174.73,81544.79121719902,0.8380750163464535,59873.34417412165,77305.0010004489,99215.86042234495,236.918,140.1,6.3,1889.77
17,2015,9877880,2.5853269049277245,174.53,83023.44511170413,0.9192443207276092,60519.67813943882,78405.52601367905,101033.3071570013,237.001,126.5,5.6,2111.94
17,2016,9971460,2.654974692403356,174.19,84349.49958180648,0.8824421942183649,61204.12413026778,79419.24188634362,102485.2790363698,239.557,119.9,4.8,2065.55
17,2017,10033430,2.659604936387897,173.52,86220.19915422742,0.9116204598561952,62276.84986091496,80880.44535119097,104645.16181405561,244.004,122.7,4.4,2395.35
17,2018,10172550,2.530656623332985,171.46,87361.74862743363,0.8477373945052459,63202.75650648068,81961.99228315418,106006.79919980733,250.792,128.2,3.8,2701.49
17,2019,10320480,2.517097370529541,170.92,88801.03504875742,0.9034425776635541,64399.484326310405,83329.58656961692,107850.52841534502,255.296,127.0,3.6,2854.71
17,2020,10002060,2.558344069057185,170.37,90394.53970482081,0.8862630330620569,65728.19319220241,85026.58420365404,109947.99690263806,255.848,119.0,13.2,2919.62
17,2021,9616660,2.2209408484617166,162.9,91802.26376933363,0.821564559115511,67362.19460810718,85937.3104071476,109504.58447111576,268.452,132.8,5.8,4167.85
17,2022,9773690,2.1550962852130535,156.62,94499.47748496218,0.8928299358133179,69096.44623473837,87788.39856799223,112768.1690027001,291.359,148.2,3.6,4040.36
17,2023,10110310,2.0652249893124486,156.1,99193.72092448204,0.8116704655192831,72728.7716894932,92505.6065639926,119101.50141785959,303.365,139.7,3.7,4146.17
19,2005,2353550,4.1053136712479406,40.23,57994.65114401648,1.5785243534815907,38896.42731193304,52578.91092179898,71676.70344798283,193.6,107.9,5.1,1178.28
19,2006,2441400,3.9484967744867645,40.92,59607.07266322602,1.4756836201346502,40049.721594167284,54228.043130990416,73977.62337183583,201.3,117.2,4.6,1290.01
19,2007,2500820,3.7230296396653046,40.98,61995.61671771659,1.4578010407247515,41786.765420941934,56569.68434353532,76990.82824833454,206.755,118.6,4.4,1511.14
19,2008,2581680,3.5789458772406175,41.46,64260.34907502092,1.4547008195190287,42984.67648972762,58610.1891404047,79902.76932075238,215.208,141.2,5.4,1403.22
19,2009,2604310,3.5600857925456992,42.31,65544.36361262677,1.4075977911968487,43781.03735730385,59583.68085980548,81093.6805142245,213.022,116.8,9.4,902.41
19,2010,2115780,3.568797320977808,32.79,66240.84271521613,1.3650185809642021,44263.93954002779,60062.63108640785,81754.40215901464,217.29,126.7,9.6,1125.06
19,2011,2154240,3.4896585286525896,33.09,67382.54697712418,1.3542711054649623,44875.402183600716,61086.154606729055,83129.12609551396,224.806,143.1,9.0,1338.31
19,2012,4374770,3.465306068083142,66.85,68207.23114586595,1.4390361087006407,46033.25697122363,62379.91624702556,84031.05178100792,228.713,142.0,8.2,1341.27
19,2013,4493770,3.717083865306799,67.21000000000001,69239.29675973626,1.4540354808539884,46595.695841131164,63252.40526328673,85521.22772193504,231.893,139.4,7.5,1639.84
19,2014,4556550,3.613853464940453,68.07000000000001,70024.2284842699,1.4228578641170064,47251.561576192515,64027.138690456595,86416.60447048754,236.918,140.1,6.3,1889.77
19,2015,4562920,3.688142471184029,66.78,71135.4098472031,1.485175721688827,47964.31447406486,64751.40186547211,87506.66051563472,237.001,126.5,5.6,2111.94
19,2016,4576500,3.591017597423581,67.66,72855.54766743144,1.4815739040404126,48992.994449907135,66138.4465639681,89358.28768709712,239.557,119.9,4.8,2065.55
19,2017,4543470,3.6566258783117926,65.82000000000001,74368.56466533289,1.466490813237509,50072.67914171327,67568.727052231,90975.25752343473,244.004,122.7,4.4,2395.35
19,2018,4613720,3.7651840612550767,65.89,76141.53216926905,1.4789833364108733,51183.14071941947,69161.48964393158,93087.80966335192,250.792,128.2,3.8,2701.49
19,2019,5103410,3.823511536499696,73.29,77505.77096490386,1.4573924104464422,52770.0975622182,70834.34599610849,94676.6426173872,255.296,127.0,3.6,2854.71
19,2020,5131460,3.81009712770562,72.59,79320.83397317723,1.4304042137797421,53794.963850444125,72541.06566162457,97296.12691124943,255.848,119.0,13.2,2919.62
19,2021,5036350,3.0732685368722423,71.63,80801.87367835833,1.2736533363925624,55277.863611544075,73856.41315635332,98015.23678854726,268.452,132.8,5.8,4167.85
19,2022,5156010,2.706704214750517,70.41,84004.17815326192,1.2625508857832242,57448.51437448725,76220.74625534085,101521.53067973103,291.359,148.2,3.6,4040.36
19,2023,5482690,2.6470387668605664,71.58,88075.16210108541,1.2673054656649692,61396.83985415918,80544.96301997743,106298.18404834124,303.365,139.7,3.7,4146.17
21,2005,3382840,1.9849945595786938,32.85,37534.26094642372,0.7813768896392134,27601.431992054015,35026.68021544028,45361.220217332186,193.6,107.9,5.1,1178.28
21,2006,3489560,1.7143224445782348,33.05,39018.88014534784,0.6945422978951509,28557.837864945723,36439.91712422197,47162.93206020243,201.3,117.2,4.6,1290.01
21,2007,3581440,1.729045020584553,32.92,40543.64138447105,0.7207651223403684,29612.4234665386,37848.28432139028,48982.43915855075,206.755,118.6,4.4,1511.14
21,2008,3719800,1.638043446579834,33.53,41790.15785794935,0.691212437735353,30364.121753857733,38969.16890693048,50574.89908059573,215.208,141.2,5.4,1403.22
21,2009,3768470,1.569390498852746,33.4,42751.61110477196,0.671154084580462,31139.496612683663,39871.24275899769,51716.139069702025,213.022,116.8,9.4,902.41
21,2010,3790890,1.6666231449592508,33.63,43159.219972090985,0.713999357572539,31334.528408896065,40276.95250983279,52191.6192239817,217.29,126.7,9.6,1125.06
21,2011,3776160,1.6043057140110655,33.6,43835.832274056185,0.6715025359711502,31718.42946273463,40930.69716325579,53109.120799966106,224.806,143.1,9.0,1338.31
21,2012,7522720,1.384890708502707,66.74,44234.269958206605,0.6215515165068061,31775.70284418402,41215.08633845205,53652.89328859774,228.713,142.0,8.2,1341.27
21,2013,7603960,1.3631165820640274,66.59,44709.307413505594,0.6008957229268818,32103.62966138696,41574.127336282676,54180.05561575811,231.893,139.4,7.5,1639.84
21,2014,7718920,1.387871751173263,67.27,45311.997403781876,0.650361454162435,32474.069118477713,41999.96647199349,54799.16939157291,236.918,140.1,6.3,1889.77
21,2015,7882240,1.4849478104295462,67.81,46154.778793845406,0.7028542695598091,32963.25975864729,42647.96925746996,55737.79519527444,237.001,126.5,5.6,2111.94
21,2016,8068740,1.4652437724064165,68.16,47198.80323321857,0.7219943934932882,33665.214928229194,43528.394978645985,56992.982336771296,239.557,119.9,4.8,2065.55
21,2017,8379880,1.5370631806286283,69.24,48052.60361723557,0.7268706749746877,34302.219697656765,44286.02108860747,58050.75220647551,244.004,122.7,4.4,2395.35
21,2018,8679310,1.4435753558594284,70.66,49282.56891388832,0.7160379172482749,35251.32738662405,45357.16883024111,59452.88875498167,250.792,128.2,3.8,2701.49
21,2019,8952960,1.5312828362902546,71.73,50479.69746318536,0.7421544393000513,36280.205574469226,46460.66256299592,60720.46527628851,255.296,127.0,3.6,2854.71
21,2020,8902830,1.598523057744498,74.05,52198.56942118405,0.7087560955700783,37500.9559095254,47976.314621305806,62796.58012115249,255.848,119.0,13.2,2919.62
21,2021,8890060,1.3823115897092684,73.53,53976.1705320324,0.6106340151775227,39957.70725956855,50634.15867834413,64935.363304634615,268.452,132.8,5.8,4167.85
21,2022,9247280,1.2634988938749776,74.92,55765.422902734645,0.7699466287450538,40819.17846112586,51170.57490418804,65647.67444048412,291.359,148.2,3.6,4040.36
21,2023,9654890,1.195973439530239,75.45,58976.347923176756,0.6861013447784811,43096.84411733329,53469.57167818587,68425.44780934842,303.365,139.7,3.7,4146.17
23,2005,1970760,2.2565274393190244,30.12,81114.95453530617,1.195582933645442,46688.48692890053,69676.66605776452,126136.13347135116,193.6,107.9,5.1,1178.28
23,2006,1944800,2.082905719629694,29.19,85463.25807280955,1.1883546049309361,49138.850318798846,73907.81041752365,132967.83365898806,201.3,117.2,4.6,1290.01
23,2007,1996580,2.0415595633240335,28.97,88462.85989041261,0.9667085665312328,50754.304460627674,76509.52634004147,134904.08458463973,206.755,118.6,4.4,1511.14
23,2008,2000610,1.6637955435910539,28.54,92256.46762737365,1.010583281855182,52277.5710908173,78588.86074747202,136352.10510794207,215.208,141.2,5.4,1403.22
23,2009,1991230,1.5880114265342598,28.72,95885.96073783541,1.0152568954617622,53596.98417561005,81009.61415808319,140561.86226603657,213.022,116.8,9.4,902.41
23,2010,1984460,1.6865328614622652,29.000000000000004,96948.1913971559,1.0471014618268677,53642.87977585842,81222.38865988732,141708.47696602604,217.29,126.7,9.6,1125.06
23,2011,1996560,1.742947364010067,28.869999999999997,98323.86439676244,1.0970439049819247,54125.890080939214,82131.70232800416,130432.58083904315,224.806,143.1,9.0,1338.31
23,2012,4062350,1.7314544460838819,57.86,98527.98619025933,1.025197969147692,57018.99033810479,84975.16718155747,130373.90340566421,228.713,142.0,8.2,1341.27
23,2013,4162950,1.7541318036021745,58.6,99651.45271982609,1.008819957842812,57780.449440901284,85699.19350460611,132416.42477089562,231.893,139.4,7.5,1639.84
23,2014,4210530,1.7747644492812111,59.18,101123.3225033428,0.9635820285492704,58221.516436173115,86598.44584885988,148959.361149309,236.918,140.1,6.3,1889.77
23,2015,4233480,1.7600912133302984,58.91,103614.24948269509,1.016883516932235,58973.55764052269,87920.64074945435,150883.7990022393,237.001,126.5,5.6,2111.94
23,2016,4301830,1.7060574195915668,59.42,105983.67339016186,0.9983860443055691,59893.43570062043,89289.02690250428,138414.43027734707,239.557,119.9,4.8,2065.55
23,2017,4379070,1.6022189529952113,58.85,107388.69616151374,1.00510176157667,60469.56881255609,90243.29583678726,140171.16474502577,244.004,122.7,4.4,2395.35
23,2018,4509270,1.5578714404526994,59.17,108710.64662351113,1.0360311026515305,61305.37188946326,91212.39085262138,142091.6987450297,250.792,128.2,3.8,2701.49
23,2019,4599000,1.571664487054022,58.86,109676.45790389215,1.044953037408752,62643.30289193303,92837.63387692977,144071.47571211134,255.296,127.0,3.6,2854.71
23,2020,4618160,1.5953583182047781,59.24,112326.03034541896,1.0535503309128116,64723.39210854539,95388.4342248861,147203.16699724566,255.848,119.0,13.2,2919.62
23,2021,4706130,1.9794758966032993,58.57,113085.42551948204,1.3252134979367367,65084.82018133796,96342.73254244996,156042.42766349422,268.452,132.8,5.8,4167.85
23,2022,4849040,1.686480828839995,57.68,124547.0972192434,2.0162683570249817,72975.974130962,103251.00094039233,158062.06694520978,291.359,148.2,3.6,4040.36
23,2023,4922020,1.5004081467378456,57.17,133787.49480904182,1.6932980610064954,77026.44517901186,110379.92537616669,164935.19487933815,303.365,139.7,3.7,4146.17
25,2005,16104230,1.3467479016125075,139.63,43476.90589366893,1.31501096368193,29599.08405431368,39853.08384815667,53315.61592202794,193.6,107.9,5.1,1178.28
25,2006,16383190,1.2205974498177141,139.96,45335.54337097964,1.1727707967795526,30705.229988787287,41394.361415572916,55534.72099755908,201.3,117.2,4.6,1290.01
25,2007,16621930,1.1123048337346162,139.76000000000002,46607.7564518681,0.7003733664669384,31810.185297375214,42818.515762008385,57189.79234060064,206.755,118.6,4.4,1511.14
25,2008,16887420,1.0123785716014737,139.57999999999998,48452.839107453954,0.7754569341098126,33058.714581623484,44375.19068632153,59303.14721846203,215.208,141.2,5.4,1403.22
25,2009,16955090,1.0300195433457435,138.53,49521.28455230848,0.7997545312270709,33758.31168103502,45402.56212736116,60498.146951741335,213.022,116.8,9.4,902.41
25,2010,16890390,1.019853489918344,137.98,50424.51759254819,0.8257565992398215,34001.143727291084,45982.605351326994,61541.34894457736,217.29,126.7,9.6,1125.06
25,2011,16756500,1.0357407651870498,137.76,50902.08088801361,0.8055293752623128,34158.92473368544,46476.191627129774,62364.47639423508,224.806,143.1,9.0,1338.31
25,2012,33264000,1.0268846868871102,274.62,51299.284433621935,0.8655128684286754,34967.06499519,46598.33614417989,62360.4844997595,228.713,142.0,8.2,1341.27
25,2013,33355460,1.0685544775142974,274.69,51600.74588388228,0.8449931440915155,35111.608405340536,46863.45873209363,62748.069974151156,231.893,139.4,7.5,1639.84
25,2014,33664960,1.1099639880156416,276.59,52209.77960466907,0.8665048748530234,35393.91772038345,47335.61124088667,63538.953529129394,236.918,140.1,6.3,1889.77
25,2015,33769930,1.1103761903937803,275.69,52755.525720663325,0.7330810316479961,35699.24855041156,47818.577725805175,64198.591640551225,237.001,126.5,5.6,2111.94
25,2016,34506620,1.108235001927916,278.37,54512.50786950446,0.8316999451986241,36530.37067669914,48981.94570780911,66151.83789371431,239.557,119.9,4.8,2065.55
25,2017,34896160,1.1911294533912282,279.6,55463.20321777525,0.8242675464595594,37057.153724077376,49733.2531860239,67376.68760688855,244.004,122.7,4.4,2395.35
25,2018,35086500,1.2514193791988295,278.73,56604.94459977484,0.8131629032833899,37770.14670884813,50714.37144200761,68784.74316047483,250.792,128.2,3.8,2701.49
25,2019,35061000,1.2735660986518706,276.22,57829.6616639571,0.8568758998864838,38849.55555175266,51925.03677590485,70531.5047346054,255.296,127.0,3.6,2854.71
25,2020,33311550,1.3815145819573307,275.48,59932.62850873046,0.941880216351332,40053.514360634676,53456.64199054082,72811.76205850524,255.848,119.0,13.2,2919.62
25,2021,31218400,0.9901204456755451,260.49,62151.86772864721,0.5544264974933422,41725.27243869,55918.13076262717,73563.78337454834,268.452,132.8,5.8,4167.85
25,2022,33960670,0.9012542180685389,273.31,63239.153812336444,0.6588328844984241,43120.918798127364,56320.30470835823,73888.78397569894,291.359,148.2,3.6,4040.36
25,2023,34883070,0.8399692750698872,272.69,66431.91489453193,0.6139028207557723,46100.95467514757,58967.30452050235,77559.30802822114,303.365,139.7,3.7,4146.17
27,2005,3163780,3.8013825284747376,71.78999999999999,44321.99511344025,1.8430990852886884,26840.441718450715,37767.061995461125,54161.27723798747,193.6,107.9,5.1,1178.28
27,2006,3267890,3.3501351006462823,73.35000000000001,46264.99514977555,1.7247398161240328,27894.48644232211,39409.20780687233,56625.31468317477,201.3,117.2,4.6,1290.01
27,2007,3377200,3.505833251805197,75.06,48492.50911998105,1.750827612840129,29163.216925263532,41271.507728295626,59436.564876228826,206.755,118.6,4.4,1511.14
27,2008,3448130,3.146781597786322,76.39,50674.1729575161,1.708186468620211,30235.375087366196,42872.55222395907,61927.10892570756,215.208,141.2,5.4,1403.22
27,2009,3356000,2.991918662910364,76.14,51606.71629916567,1.5610968351778847,30685.328516090583,43619.94687127533,63127.24374255066,213.022,116.8,9.4,902.41
27,2010,3265640,3.0146302196059103,76.67,52146.79036880979,1.5330921268664564,30795.209086120944,43994.661597726634,63876.122260873824,217.29,126.7,9.6,1125.06
27,2011,3306600,3.1791919121566385,77.95,53498.512399443534,1.658888885647785,31154.322325046876,44777.67407609025,65150.75176918889,224.806,143.1,9.0,1338.31
27,2012,6738630,3.4709794146575863,158.94,54235.20365415522,1.8206487117634806,31218.238232400356,45092.57538995315,66249.84645246883,228.713,142.0,8.2,1341.27
27,2013,6779760,3.150040406622758,158.38,55217.68307432711,1.7364184045423137,31680.383243654644,45869.47667764051,67669.85893305957,231.893,139.4,7.5,1639.84
27,2014,6944760,3.2567479576093517,155.26,55593.026353682486,1.6393318126193892,31998.49397243389,46329.4850505993,68065.15123632782,236.918,140.1,6.3,1889.77
27,2015,7155510,3.3029296339173233,157.3,56817.129051598,1.6299673876789265,32730.949589896456,47312.62977761194,69152.18414899847,237.001,126.5,5.6,2111.94
27,2016,7341520,3.1587709343535457,158.26,58267.68625570727,1.6110418530336912,33456.66766555155,48360.12329871743,70717.41973051902,239.557,119.9,4.8,2065.55
27,2017,7492150,3.0533866754754873,158.60999999999999,58848.81616091509,1.5648358651920697,34291.20500790828,49335.54856750065,71532.64201864618,244.004,122.7,4.4,2395.35
27,2018,7566680,3.117716881603135,157.76,59679.5575998985,1.5702359633552159,35035.64441736667,50220.520241374026,72554.03631447346,250.792,128.2,3.8,2701.49
27,2019,7707380,3.529853851609467,156.44,61937.26325936959,1.7633647180435401,36499.59159922049,52069.57453765093,75140.37176057234,255.296,127.0,3.6,2854.71
27,2020,6942070,3.703340785126637,150.85,64374.957267789,1.7779460598835697,38278.420082194505,54159.152154904805,78159.55434042007,255.848,119.0,13.2,2919.62
27,2021,7098070,4.029162448458531,149.79,66078.55083142318,2.545787808199922,40653.77389910215,55864.35387365861,79743.20980210113,268.452,132.8,5.8,4167.85
27,2022,7957770,3.4159725799607363,156.18,75626.91187355251,2.298294749460056,43449.940171681264,60325.70481428842,86275.10415606383,291.359,148.2,3.6,4040.36
27,2023,8164420,3.3592244132479707,155.85999999999999,75337.50003062066,2.1098848452279664,43915.950049115556,60292.25190521801,85739.84414079628,303.365,139.7,3.7,4146.17
29,2005,13084880,1.4852792766821759,100.5,59175.394141940924,0.5653838720506656,42006.33961488374,55698.765590513634,72000.94762810205,193.6,107.9,5.1,1178.28
29,2006,13349100,1.3247319388036043,99.7,62064.38042265022,0.5518323430832255,43652.930047718575,58206.5829906136,74862.2823411316,201.3,117.2,4.6,1290.01
29,2007,13741800,1.2115994323758366,100.66,65025.668420439826,0.46701204174807665,45537.90512159979,60932.531349604855,78271.76079552897,206.755,118.6,4.4,1511.14
29,2008,14144470,1.15827260259274,100.91000000000001,67896.1869267636,0.48663054044561155,46752.27977435705,62252.10917058044,81241.99076388158,215.208,141.2,5.4,1403.22
29,2009,14367930,1.103643881748541,100.99,69752.69118794426,0.4911795991252662,47919.666194086414,63590.92991126766,82713.47498213034,213.022,116.8,9.4,902.41
29,2010,14650040,1.1250008227552228,101.99,71340.62125427644,0.5301288002807814,48628.386024884574,64483.16635312941,84044.7874408534,217.29,126.7,9.6,1125.06
29,2011,15013230,1.1395469887873104,103.66,72730.9465251648,0.5340896715395003,49367.519760904215,65152.62348608527,85322.66731409564,224.806,143.1,9.0,1338.31
29,2012,30569780,1.123316264970302,208.82,73503.2461142998,0.49171260677200057,51162.96302426776,67070.3430544806,85720.3104700132,228.713,142.0,8.2,1341.27
29,2013,30995540,1.113807148020759,209.07,74722.26486133166,0.4695664654824843,51852.588930536454,68116.26028454416,87466.65347337068,231.893,139.4,7.5,1639.84
29,2014,31280100,1.0710468704296778,207.92,76018.36305830225,0.4459796531389775,52479.87825486491,69045.91830588777,88875.8824332403,236.918,140.1,6.3,1889.77
29,2015,31953280,1.0890587513588375,208.64000000000001,77808.89731195045,0.4550699070828453,53319.5041354127,70263.19785949987,90490.93928385443,237.001,126.5,5.6,2111.94
29,2016,33222340,1.0993307248008442,212.97,79133.52277413331,0.4836949863757626,54033.53193363261,70634.57283261805,91388.85956558147,239.557,119.9,4.8,2065.55
29,2017,33967030,1.057178946027922,210.66,80758.49612992363,0.48155803662344643,55196.00815849958,72167.92746966692,93221.35706006677,244.004,122.7,4.4,2395.35
29,2018,34502360,1.0525611929545169,211.56,81987.96697675173,0.4971557399571903,56206.622944053684,73394.69013134173,94819.03594420788,250.792,128.2,3.8,2701.49
29,2019,33041810,1.0499729916785905,194.72,81749.08836410596,0.49292052476014686,56554.82110998157,72518.37032535445,94877.73121993014,255.296,127.0,3.6,2854.71
29,2020,32767510,1.118431951188907,198.62,83829.50604424931,0.5071603322200249,57857.179498838945,74137.36077901555,97006.71956459309,255.848,119.0,13.2,2919.62
29,2021,35096990,1.0738886515170154,211.35999999999999,91084.03894749949,0.5268634773120012,60795.11018466256,78586.8560380819,100827.10653534676,268.452,132.8,5.8,4167.85
29,2022,36123290,1.0110206754897133,213.78,96732.69636015988,0.5397822618583453,64887.45984654222,83016.14470332021,105498.97738827222,291.359,148.2,3.6,4040.36
29,2023,37071380,0.9924031452286778,213.98,101996.46820539187,0.5059633131198107,69637.95223970621,87646.66298637925,110490.0302848181,303.365,139.7,3.7,4146.17
31,2005,6721690,1.2308107137912117,50.650000000000006,23855.182164009348,0.45909600795515465,18933.603439016082,22679.66838696816,27737.222603244125,193.6,107.9,5.1,1178.28
31,2006,6955620,1.1663558414363888,50.839999999999996,24611.836270526568,0.41236683689623505,19499.909468889906,23403.76693953954,28608.519830007965,201.3,117.2,4.6,1290.01
31,2007,7246070,1.0477667276791622,51.53,25597.017638526817,0.37785227358185175,20247.484263883733,24348.8962706681,29747.352744315194,206.755,118.6,4.4,1511.14
31,2008,7538620,1.0224559677782221,52.08,26329.794989003294,0.35264770326687633,20816.462336608027,25056.822840254583,30661.356282714874,215.208,141.2,5.4,1403.22
31,2009,7758100,0.9757150654231566,52.46,26703.779391861408,0.37283884317249044,20994.54767275493,25293.4778102886,31047.490880499092,213.022,116.8,9.4,902.41
31,2010,7911730,1.0268890636381878,52.82,26927.519455289803,0.3735006161795454,21148.318243923895,25386.53054388863,31206.66632961438,217.29,126.7,9.6,1125.06
31,2011,7896570,1.0336508209562734,52.080000000000005,27365.276176871732,0.3740412648762633,21408.063108412895,25747.641115066413,31723.203124901065,224.806,143.1,9.0,1338.31
31,2012,15655630,1.0092267783717588,101.78,27776.505391351227,0.3436060415884797,21814.868906585045,26343.030283674307,32380.186533534583,228.713,142.0,8.2,1341.27
31,2013,15673440,0.9881234103776404,99.78,28300.281393235946,0.3440168880373788,22156.51530232036,26835.112374820077,32986.303051531766,231.893,139.4,7.5,1639.84
31,2014,15737640,1.024675939997174,99.21,28817.374352190036,0.3906227418262359,22504.942799555716,27255.671199747867,33510.13241502538,236.918,140.1,6.3,1889.77
31,2015,15949620,1.0423243336681305,98.47,29510.71291980624,0.3603697181290158,23035.444775486812,27897.9861902666,34248.72943054443,237.001,126.5,5.6,2111.94
31,2016,16161310,1.015898222072063,97.63,30466.653798485397,0.3900724058606893,23813.685264375228,28827.88856225145,35282.36480211072,239.557,119.9,4.8,2065.55
31,2017,16418910,1.053810096226286,95.9,31310.562138412355,0.37880651672747534,24569.401354901147,29675.84997420657,36140.7163021175,244.004,122.7,4.4,2395.35
31,2018,16450120,1.0627890330138348,94.53,32373.009753120343,0.38591524547295286,25556.54789144395,30797.979218388682,37285.13221788048,250.792,128.2,3.8,2701.49
31,2019,26063040,0.8832235341671162,142.54,31002.496324296782,0.3483079939559952,25133.104369252396,29481.2091682321,35415.16883678957,255.296,127.0,3.6,2854.71
31,2020,25745220,0.960845280507674,143.64,32241.746483424886,0.3501469850230055,26177.566142375166,30894.528324092782,36781.845115326265,255.848,119.0,13.2,2919.62
31,2021,26395760,0.7438479193448142,144.47,33325.903546630216,0.30395609364488,27707.8286020179,31808.600574486205,37433.20083225488,268.452,132.8,5.8,4167.85
31,2022,27154800,0.6654101341263654,144.52,35563.428878135725,0.3833588614125032,30083.17969935334,34245.493201938516,39436.192470576105,291.359,148.2,3.6,4040.36
31,2023,28233800,0.6149338762437249,146.07,38217.08138118142,0.3644076299771705,32329.237495484136,37353.00788770906,42496.70377349135,303.365,139.7,3.7,4146.17
33,2005,6091190,1.4966801155551894,79.23,35789.44912242107,0.837667027364581,25672.210307017183,33657.19941423597,43828.61265204336,193.6,107.9,5.1,1178.28
33,2006,5997690,1.4313700751658416,76.98,37053.51063492778,0.7908806556347256,26417.632405142645,34942.57685875729,45566.884133724816,201.3,117.2,4.6,1290.01
33,2007,6149380,1.376131424782896,77.81,38782.525880657886,0.7091311730016471,27574.333282379688,36551.09191495728,47763.569465539615,206.755,118.6,4.4,1511.14
33,2008,6227150,1.340719438097439,77.74,40261.73145018186,0.7738278357181175,28458.872806982326,37851.98472816618,49503.99429915772,215.208,141.2,5.4,1403.22
33,2009,6319960,1.2800096951350617,80.15,41814.54363635213,0.7955395285253308,29602.80495446174,39015.67054221862,51234.42570839056,213.022,116.8,9.4,902.41
33,2010,6350730,1.2649597752000423,80.91,42545.87549777742,0.7762819486446888,29923.063458846464,39345.416920574484,52139.07673606026,217.29,126.7,9.6,1125.06
33,2011,6400160,1.247889265312909,81.52,42740.96553836154,0.7839936868114564,29923.70503237419,39426.98148171296,52593.06497025074,224.806,143.1,9.0,1338.31
33,2012,12827490,1.2917191117709863,164.53,43044.85014605351,0.7975371685238032,30090.761622110014,39707.44585261809,53049.54185892954,228.713,142.0,8.2,1341.27
33,2013,12977390,1.3202226464505227,163.96,43584.49485605349,0.8467353642206895,30212.46811569969,40135.93012154216,53876.06163488961,231.893,139.4,7.5,1639.84
33,2014,13131370,1.37785531124687,165.96,44058.52364223992,0.8320433519717253,30512.55107425958,40484.56295877734,54287.23123329858,236.918,140.1,6.3,1889.77
33,2015,13395530,1.3668758193959387,168.69,44613.85881708301,0.8737198936782552,30924.090274890204,40940.98011052941,54819.502513151776,237.001,126.5,5.6,2111.94
33,2016,13534680,1.392079454181405,167.93,45814.37336531045,0.9183540410687031,31800.386835891208,42019.42901494531,56213.38969964565,239.557,119.9,4.8,2065.55
33,2017,13627270,1.411083515739317,167.78,47195.822978483586,0.9256890108353597,32698.60982427148,43226.00675703938,57822.41148814106,244.004,122.7,4.4,2395.35
33,2018,13701020,1.4322872371273174,166.46,48618.98368880565,0.8800052849964396,33752.57976413435,44463.172829468174,59434.97992120295,250.792,128.2,3.8,2701.49
33,2019,13941130,1.4390966169638302,167.39,49916.89441960587,0.8455470319411755,34839.22618180879,45763.8207376303,60950.67498832591,255.296,127.0,3.6,2854.71
33,2020,13348380,1.472884657387223,165.48,52269.98690477796,0.882127644082332,36559.68692830141,48053.018516104574,63796.57919537801,255.848,119.0,13.2,2919.62
33,2021,13400540,1.2493891365252447,165.20000000000002,53537.19803828801,0.6374097738529809,39050.96610285854,49091.01628740334,63193.57269184675,268.452,132.8,5.8,4167.85
33,2022,13595060,0.9975360192810591,160.01,54145.56288828442,0.5466401093299715,39074.584246042315,50264.0268524008,63628.95075122875,291.359,148.2,3.6,4040.36
33,2023,13938970,0.962686919753395,160.92000000000002,57768.248263680885,0.5151177674112728,42165.286617303864,53654.23571469054,68021.4013947946,303.365,139.7,3.7,4146.17
35,2005,21591930,1.054906385906944,231.45,17841.892781238177,0.3854579523167324,14016.037487153766,16414.94162865478,20142.298178069308,193.6,107.9,5.1,1178.28
35,2006,22022880,0.9481762656891061,230.65,18421.14804239954,0.36277580958627964,14486.292324164688,16817.050045225693,20773.258824458928,201.3,117.2,4.6,1290.01
35,2007,22541980,0.803215960706976,230.2,19439.524189977987,0.32958853348494777,15375.049583044613,17597.23532271788,21738.6684133337,206.755,118.6,4.4,1511.14
35,2008,22750360,0.782020679515339,227.61999999999998,20212.173794172926,0.3281957353807219,16056.855706898705,18304.920845208602,22490.02057989412,215.208,141.2,5.4,1403.22
35,2009,22427330,0.9396474783878757,228.4,20879.721246354336,0.4076241448885457,16586.278910597026,19017.762644951494,23032.922429910293,213.022,116.8,9.4,902.41
35,2010,22042920,0.9708305878664348,227.47,21239.404389255145,0.4085026489835931,17202.628975652955,19397.59814942848,23206.54473182319,217.29,126.7,9.6,1125.06
35,2011,22429460,0.9102787573851283,227.42,21428.793644608475,0.4088982618791507,17672.797588528658,19587.323751887026,23360.097358563246,224.806,143.1,9.0,1338.31
35,2012,46175610,0.9008340390154858,454.68,21385.231220551283,0.379024821596326,17816.55558637991,19752.928219031648,23197.171294542724,228.713,142.0,8.2,1341.27
35,2013,47639570,0.9035492806679641,453.96000000000004,21578.812571146213,0.3712548910704043,17901.08941369538,19863.776954745812,23351.148005743966,231.893,139.4,7.5,1639.84
35,2014,49090090,0.8783073191036991,452.03999999999996,21976.2451708685,0.3653090337357021,18035.588362131744,20020.77124934992,23796.040355599267,236.918,140.1,6.3,1889.77
35,2015,50288060,0.9150479307254181,450.36,22841.47522095702,0.36356330578983276,18534.1536559573,20562.911378963516,24842.947417339226,237.001,126.5,5.6,2111.94
35,2016,51904920,0.9060275263321994,450.67,23843.70056056343,0.36975435767536075,19014.849424678818,21477.791369296014,26287.952381007428,239.557,119.9,4.8,2065.55
35,2017,52767080,0.8893411844852879,447.74,24713.11985806302,0.3600205908085307,19523.276281348142,22373.96188115772,27413.604402593435,244.004,122.7,4.4,2395.35
35,2018,53467970,0.9337851816422218,446.2,25573.668308334876,0.3623780804908491,19980.43682413976,23419.356474539803,28516.27584514617,250.792,128.2,3.8,2701.49
35,2019,53910500,0.9750154863453252,442.42,26664.894096697302,0.3877035148403136,20531.15996327246,24627.815716789864,29955.613960174735,255.296,127.0,3.6,2854.71
35,2020,45033350,1.1540285617181112,442.54,27654.032189477355,0.42093196125359233,21105.59378327395,25863.058957417114,31384.975485945415,255.848,119.0,13.2,2919.62
35,2021,44774920,1.2573713400329845,427.52,29448.666463278998,0.5852913005197877,23074.18089412555,28019.69842045502,32762.653778052536,268.452,132.8,5.8,4167.85
35,2022,49924290,1.0034099602358713,427.61,32132.020625631332,0.5477843203365275,24798.851440851737,30214.21966141131,35952.94212696866,291.359,148.2,3.6,4040.36
35,2023,52911350,1.0200260268692456,431.6,34488.091322561224,0.5727080762301947,27300.023902244036,32369.508944678222,38340.716133683985,303.365,139.7,3.7,4146.17
37,2005,8678490,1.4453304678876775,129.58,21932.674578181228,0.5918833877188358,16569.14428662129,20312.699974304287,25671.763451936917,193.6,107.9,5.1,1178.28
37,2006,8781530,1.326697973991113,127.78,22574.668115920573,0.5191339159294527,17063.87169434028,20904.795553849955,26400.707143288244,201.3,117.2,4.6,1290.01
37,2007,8797960,1.1967019706312618,124.45,23551.878833274986,0.4527746277625605,17868.282454114364,21827.501591277978,27505.2809514933,206.755,118.6,4.4,1511.14
37,2008,8857430,1.1808705271678839,123.67,24370.62609583141,0.46210752670012484,18511.557697887536,22580.55922541866,28477.50056167534,215.208,141.2,5.4,1403.22
37,2009,8536690,1.1992483077387595,124.84,24965.521730319364,0.5107040409378082,18945.67970724016,23045.327931551925,29128.50539260533,213.022,116.8,9.4,902.41
37,2010,8328830,1.2442826975332908,125.0,25298.00299681948,0.5288561583194715,19231.065143603602,23216.358996401654,29421.06708865471,217.29,126.7,9.6,1125.06
37,2011,8381250,1.2126742550692036,123.42,25555.045094705445,0.5238087435322676,19370.771054436987,23345.869506338553,29708.897085756897,224.806,143.1,9.0,1338.31
37,2012,16400570,1.194229471450776,237.3,25799.87804692154,0.5565517637233965,19613.704474905444,23592.434427583918,30050.62796597923,228.713,142.0,8.2,1341.27
37,2013,16571550,1.1962610051237077,232.93,26146.107340592764,0.5584058284469079,19791.239769363758,23838.789413181024,30474.30027366179,231.893,139.4,7.5,1639.84
37,2014,17406370,1.2422468955291701,232.65,26383.333239497955,0.5528407762776789,19943.785033869783,23999.54891801105,30689.15466004687,236.918,140.1,6.3,1889.77
37,2015,17509610,1.189117799349528,229.02,27087.370449713042,0.5529377378895977,20461.51114730711,24603.214680395507,31483.609772005202,237.001,126.5,5.6,2111.94
37,2016,17617800,1.1818801382444637,224.56,28020.37966147873,0.553600285049234,21168.59496645438,25573.946894617944,32564.136424525197,239.557,119.9,4.8,2065.55
37,2017,17468300,1.2131065411495774,219.14,28884.435302805654,0.5287319374447322,21966.526948815856,26501.96657946108,33513.82095567399,244.004,122.7,4.4,2395.35
37,2018,17447150,1.2088224675268484,212.73,29960.927779035545,0.5397837526965449,22923.75454443849,27561.468704057683,34710.92293010606,250.792,128.2,3.8,2701.49
37,2019,17698460,1.2901149013529452,213.6,31244.116663257708,0.5516850665297675,24051.23981408552,28902.623233885886,36248.696174695426,255.296,127.0,3.6,2854.71
37,2020,16294990,1.4132168228590365,212.26,32763.168581263322,0.6011996961786932,25306.663833485018,30510.996778764515,37845.27553560941,255.848,119.0,13.2,2919.62
37,2021,16386080,1.2767960384484869,216.74,33714.05587547479,0.5170210995779908,26968.882893285034,31979.45215695273,38031.201947018446,268.452,132.8,5.8,4167.85
37,2022,17218930,1.1465934924621766,213.02,35862.86550325717,0.5641025385456835,29137.907088303396,33965.843475756046,40484.74144444516,291.359,148.2,3.6,4040.36
37,2023,17670360,1.1617556724852491,212.57999999999998,38292.44420034453,0.5276204956434217,31307.66422415842,36507.74487333591,43008.3841019651,303.365,139.7,3.7,4146.17
39,2005,6305560,2.4577201494242624,130.78,21373.577081179148,0.9692178060054576,15304.637605541775,19046.040589574914,25007.94625695418,193.6,107.9,5.1,1178.28
39,2006,6457910,2.3701505528595765,133.36,22092.087749751856,0.9319327837816699,15706.315928837657,19600.819073043756,25936.046104699508,201.3,117.2,4.6,1290.01
39,2007,6639940,2.3301888159878392,135.0,23598.99470477143,0.9252969214178701,16802.737042804605,21056.866854218562,27778.998138537398,206.755,118.6,4.4,1511.14
39,2008,6834740,2.1346678872734643,137.26,24129.483872100474,0.8718754563889525,17468.462911537234,21487.54325694906,28236.711754946056,215.208,141.2,5.4,1403.22
39,2009,6877240,2.2616398373646556,139.31,24701.978497187825,0.8656251721796151,18015.836352955546,21949.620400044205,28584.37495274267,213.022,116.8,9.4,902.41
39,2010,6803730,2.1361175355306417,137.6,24609.636155461783,0.7952903783683123,18218.030109954394,21659.505535933964,28063.757042093086,217.29,126.7,9.6,1125.06
39,2011,7211160,2.0647147017626044,140.63,24613.022565024214,0.7661951806188924,18408.309633956258,21656.214617343117,27877.645011343528,224.806,143.1,9.0,1338.31
39,2012,15163430,2.0634279245116325,283.01,24557.56591351693,0.7939968776320153,18580.071982394486,21888.388392336034,28072.169634442867,228.713,142.0,8.2,1341.27
39,2013,15921530,2.073328507371221,286.99,24694.36324900936,0.7638759015775473,18675.88467314385,22050.147498387403,28183.044179799304,231.893,139.4,7.5,1639.84
39,2014,16564100,1.9883221565915667,285.56,24964.88281886731,0.7393845186186143,18824.728515283052,22303.2270814593,28506.36690191438,236.918,140.1,6.3,1889.77
39,2015,17170030,1.9448797725457083,285.39,25640.3518689251,0.7312031543541669,19344.792169844783,22889.005528819693,29194.824266468957,237.001,126.5,5.6,2111.94
39,2016,18005420,1.9673101284568328,290.66,26496.908019918446,0.697298818735233,19950.04555850405,23810.09027281785,30183.530159252048,239.557,119.9,4.8,2065.55
39,2017,20599270,1.9767147682898418,305.73,27260.415383651944,0.74506101630352,20879.08897742493,24675.661987050997,30748.94479270382,244.004,122.7,4.4,2395.35
39,2018,21701320,1.8904011833936822,312.82,28095.56259711391,0.6895944153188016,21762.103074836,25536.804369503792,31893.89823291855,250.792,128.2,3.8,2701.49
39,2019,11281290,2.6607162771648825,240.33,30889.33535969734,0.8999305953515899,22369.71489962584,27394.13108784545,35701.05631536819,255.296,127.0,3.6,2854.71
39,2020,9115010,2.9651022809355827,220.19,32287.46440212353,0.9786826401328655,23381.717068878697,29002.392208017325,37380.220987140994,255.848,119.0,13.2,2919.62
39,2021,10246520,2.8771133069121824,243.37,33580.49579759762,1.1269635906846696,24898.62689966935,30348.63263820302,37749.528796118095,268.452,132.8,5.8,4167.85
39,2022,11208740,2.661383895046669,248.78,36175.789419684996,1.0457598249588131,27057.471223348923,32620.844171601802,41241.10908094933,291.359,148.2,3.6,4040.36
39,2023,12090990,2.3578234759150956,255.06,38423.617801354565,0.940251055590527,29149.365585448337,34849.37566733576,43478.22899530973,303.365,139.7,3.7,4146.17
41,2005,27843280,1.11256037437978,350.17,32794.27313520534,0.5713240718288106,20403.476077531097,27091.928695182465,38863.94147887749,193.6,107.9,5.1,1178.28
41,2006,26902580,1.0128824853446907,328.8,32655.454198073196,0.5261561544191222,20718.927641884162,27308.504061692223,38454.441414169196,201.3,117.2,4.6,1290.01
41,2007,28657520,0.9621903096769704,354.46999999999997,35235.31743849433,0.5242529394973053,21884.520583079066,29063.25729511835,41614.91543580882,206.755,118.6,4.4,1511.14
41,2008,28646450,0.9112779088465909,352.12,36074.49928699717,0.5079326435299912,22436.350731067898,29642.33854107577,42447.73708085993,215.208,141.2,5.4,1403.22
41,2009,27334520,0.9381253121635208,350.89,35965.734221782564,0.543091560721681,22408.91665191121,29465.85105939303,42082.931425172275,213.022,116.8,9.4,902.41
41,2010,26844940,0.9785617745787359,353.96,36793.50202682517,0.5345725150134718,23192.372029887196,30274.015974705104,43140.43510993133,217.29,126.7,9.6,1125.06
41,2011,27270510,0.965189946271188,354.88,37517.71641234432,0.5087995093715884,23684.373973937414,31006.39681106074,44146.53202305347,224.806,143.1,9.0,1338.31
41,2012,55332670,0.9946218234707971,708.25,37986.73796511175,0.5207876143919912,24274.82936753278,31585.772407151147,44633.01000475849,228.713,142.0,8.2,1341.27
41,2013,56248510,1.0061718476790382,703.59,38203.64051954443,0.5314835203943463,24259.736113898838,31686.594599572505,44815.79205742516,231.893,139.4,7.5,1639.84
41,2014,56949530,1.0328682452935294,696.86,38661.44675820854,0.5416455444256717,24375.125080048947,31920.05064835478,45291.09474827975,236.918,140.1,6.3,1889.77
41,2015,57813410,1.0501625859547423,693.62,39321.142501367765,0.5565625902219672,24827.580438517638,32379.528642230238,45824.53612751782,237.001,126.5,5.6,2111.94
41,2016,58130560,1.058181328773303,687.75,40554.9601724119,0.5634546976876219,25581.723224410707,33455.60664992734,47186.804438147505,239.557,119.9,4.8,2065.55
41,2017,58069970,1.0603979499623823,681.33,40677.658109690776,0.532308559827629,25906.25956238655,33875.35151817712,47125.438478786884,244.004,122.7,4.4,2395.35
41,2018,58125220,1.1967588454438867,672.53,41788.30676941954,0.5500491047117009,26927.343218657927,35048.79909271741,48406.28842695133,250.792,128.2,3.8,2701.49
41,2019,57440240,1.220248017308487,663.49,43047.39800878269,0.576963295489664,28044.775784363017,36334.43694699047,49852.653596154894,255.296,127.0,3.6,2854.71
41,2020,52277930,1.3099062691112722,648.33,45786.27564633871,0.6281542544935756,29683.652998502428,38730.23136723279,53260.94783592235,255.848,119.0,13.2,2919.62
41,2021,52968320,1.1812413161118596,641.65,46060.13918697063,0.595530615032222,30624.7416550119,39852.06103006476,53401.43182000109,268.452,132.8,5.8,4167.85
41,2022,52649030,1.3604575628946987,624.34,50337.61030735039,0.7986988805405929,33508.48525034554,42599.99814241592,57351.293431237005,291.359,148.2,3.6,4040.36
41,2023,53469690,1.4501746109559985,626.39,53265.08755521118,0.8359159186159175,35598.038845933086,45427.241050022916,60247.952567145985,303.365,139.7,3.7,4146.17
43,2005,45527850,1.3812414180452148,752.17,29709.172234138005,0.4847988050861217,22143.988143520943,27958.034969804197,35457.19270292799,193.6,107.9,5.1,1178.28
43,2006,45936550,1.3098229208345236,743.15,30368.839488381258,0.4456553068123081,22785.512083515197,28718.704099458926,36174.6902063825,201.3,117.2,4.6,1290.01
43,2007,46534000,1.2098455776890502,740.88,31203.236723685906,0.4160000265625107,23462.060817896592,29522.099338118365,37140.21244896205,206.755,118.6,4.4,1511.14
43,2008,46452050,1.1807602920034543,731.22,32191.170118433954,0.40036545670344076,24205.812834955617,30443.362262806484,38363.771284582705,215.208,141.2,5.4,1403.22
43,2009,44622450,1.1902469760541214,724.49,32992.6540496992,0.4078268053490341,24774.260884375464,31178.0486257478,39274.86147219617,213.022,116.8,9.4,902.41
43,2010,42974630,1.212596921868075,714.75,33464.990255878874,0.4001117683033669,25049.44832102103,31554.89417826285,39793.86620897027,217.29,126.7,9.6,1125.06
43,2011,42742150,1.2280449414535333,704.93,34119.783953310725,0.4033693954823798,25414.607870685028,32146.096878608118,40583.228630286496,224.806,143.1,9.0,1338.31
43,2012,85392230,1.2894208360067416,1383.77,34408.44800867714,0.4308054080949863,25807.80525347564,32553.26557814452,40919.53243872423,228.713,142.0,8.2,1341.27
43,2013,85421260,1.3172426914685926,1353.21,34902.735149305925,0.4438581389744953,26032.47334211647,32988.95472508835,41563.595136620555,231.893,139.4,7.5,1639.84
43,2014,86208750,1.347802956504678,1339.34,35531.54212420433,0.4538426717239674,26397.495445647917,33485.85470036394,42329.12211695449,236.918,140.1,6.3,1889.77
43,2015,87355330,1.3401121187988216,1336.93,36332.47505675956,0.4609853968535709,26871.204314607934,34117.781337441,43378.569885775716,237.001,126.5,5.6,2111.94
43,2016,88067270,1.3373980752911703,1321.94,37259.629378769205,0.45381150642525847,27570.860310533073,34920.05369077525,44515.588408724376,239.557,119.9,4.8,2065.55
43,2017,87820690,1.3411882581464127,1297.03,37946.10139820127,0.4521000401580536,28232.366185007202,35584.68675206264,45306.51773517152,244.004,122.7,4.4,2395.35
43,2018,87227600,1.3925381212597343,1266.98,38988.23519734579,0.45887481043022554,29171.54740586695,36568.945673158494,46466.32878813586,250.792,128.2,3.8,2701.49
43,2019,78035190,1.484104557650965,1152.13,41039.80676025778,0.48692532701497804,30845.418373428707,38543.86080818154,48929.18723975683,255.296,127.0,3.6,2854.71
43,2020,74146640,1.5648743995498102,1134.96,42392.33963265227,0.5047405443230412,31982.112841525926,39766.68443506004,50458.64541265794,255.848,119.0,13.2,2919.62
43,2021,73026950,1.4922480685487225,1094.83,43423.66278476644,0.45763991673939314,33499.20741178428,40696.1320471415,50203.51548982944,268.452,132.8,5.8,4167.85
43,2022,74511080,1.5945212049630777,1064.07,45545.309068127855,0.4456753066170541,35409.20886262821,42758.70181186476,52537.194277683266,291.359,148.2,3.6,4040.36
43,2023,74056130,1.5363952868313993,1033.02,47941.19298429448,0.40240350522162527,37519.91479570969,45057.56489570816,55198.53431309468,303.365,139.7,3.7,4146.17
45,2005,880180,6.100773666936978,141.78,20988.347042650366,1.4334352044382939,16287.871230884592,19051.302347247154,23519.56497534595,193.6,107.9,5.1,1178.28
45,2006,890210,4.826078100348342,143.92,21748.108648521134,1.2630446737194454,16797.439143572865,19698.623246200335,24388.021141079073,201.3,117.2,4.6,1290.01
45,2007,889760,4.1519836907413525,145.84,22591.660897320628,1.136283951258326,17513.507575076426,20379.820401007015,25215.216687646105,206.755,118.6,4.4,1511.14
45,2008,854050,3.6189684386150347,145.34,23448.302909665712,1.1357239098852059,18305.13131549675,21195.2405596862,26097.47907031204,215.208,141.2,5.4,1403.22
45,2009,832730,3.8766346958279003,144.92,23938.22595559185,1.1071752067083824,18908.819545350834,21676.217981818838,26373.868120519255,213.022,116.8,9.4,902.41
45,2010,811580,3.6521636850166326,145.56,24265.151679440103,1.164185911737952,19164.99691958895,21848.16333571552,26632.153330540426,217.29,126.7,9.6,1125.06
45,2011,814930,3.8385517781996072,145.87,24259.064459524132,1.0954069655909768,19260.400770618337,21886.58976844637,26557.840918851925,224.806,143.1,9.0,1338.31
45,2012,1695870,3.7028327612001113,296.72999999999996,24181.36443241522,0.9769946981943904,19514.57658900741,22196.37513488652,26518.098144315307,228.713,142.0,8.2,1341.27
45,2013,1697390,3.4301003435384954,299.6,24330.928543234026,0.9830215795249391,19618.350997708247,22344.339368088655,26634.984829650228,231.893,139.4,7.5,1639.84
45,2014,1767570,3.3296678458735127,304.12,25130.115242960674,1.0168151823909046,19937.860226186232,22860.728457713132,27967.90650441001,236.918,140.1,6.3,1889.77
45,2015,1802410,3.752564619362125,301.12,26257.6548621013,1.0691934734401516,20786.736758007333,23543.48538900694,29270.610183032717,237.001,126.5,5.6,2111.94
45,2016,1842630,3.8522660609691317,302.83,27715.17966167923,1.0705383181727877,22054.885951059085,25305.499639102803,30652.742601607486,239.557,119.9,4.8,2065.55
45,2017,1811960,3.71658038623341,292.3,28548.83821938674,1.001911198112393,22716.354444910485,26226.366696836576,31368.12435153094,244.004,122.7,4.4,2395.35
45,2018,1819400,4.016772561217712,292.84999999999997,29852.549247004506,1.1343624250504476,23906.52412883368,27231.90189073321,33017.58579751566,250.792,128.2,3.8,2701.49
45,2019,1873010,3.9606552955669274,303.29,31277.81213127533,1.1619056932728278,25222.50847566217,28690.270900849435,34817.2282048681,255.296,127.0,3.6,2854.71
45,2020,1873970,3.77352251807873,305.3,33252.67245473513,1.0995832529537561,27519.891727188802,31223.708543893445,36298.2253184416,255.848,119.0,13.2,2919.62
45,2021,1787800,3.2855369845542124,288.71,34704.73900883768,1.1272619938841901,29806.831021367045,32512.920572771003,37222.5181787672,268.452,132.8,5.8,4167.85
45,2022,1824840,3.3004937471612004,282.09,37780.83136055764,1.590354744792677,31910.17442625107,35789.655312246556,40524.844698713314,291.359,148.2,3.6,4040.36
45,2023,1712830,3.2834612833389816,264.5,39939.162380388014,1.101378414717198,33963.8389098743,37579.95393588389,42882.78696659914,303.365,139.7,3.7,4146.17
47,2005,12727380,1.8126013409335366,250.31,38251.784192818945,0.6749935207451897,26520.588644324285,35041.962682028825,47405.12588608182,193.6,107.9,5.1,1178.28
47,2006,13344190,1.6266512259276138,252.27,39289.95526892228,0.6047694196799275,27303.598397504833,35894.00826876715,48568.88373142169,201.3,117.2,4.6,1290.01
47,2007,13395400,1.5630362695943776,254.66,40622.25351239978,0.5883430180849932,28277.794481687743,37036.120839989846,50076.88914104842,206.755,118.6,4.4,1511.14
47,2008,13049520,1.5709595442342845,257.2,42341.4153930566,0.6075582141895777,29388.43980468247,38485.26606342609,52248.02616494706,215.208,141.2,5.4,1403.22
47,2009,11479180,1.6579287030572405,253.31,43360.444387142634,0.6511877195065622,30036.68516392286,39337.97779109658,53544.00830895587,213.022,116.8,9.4,902.41
47,2010,10120760,1.742143683032976,249.58,43875.5881080077,0.6820442368320768,30340.336980622007,39692.85698900083,54169.68071567748,217.29,126.7,9.6,1125.06
47,2011,9892580,1.7492509531492242,247.03,44627.55247872648,0.6820258264577106,30909.10672443387,40377.4476122508,55093.226953939215,224.806,143.1,9.0,1338.31
47,2012,19875530,1.7691007480986025,490.07,44954.98546705421,0.6961960295667793,31358.5916048528,40803.084934087296,55367.737363481625,228.713,142.0,8.2,1341.27
47,2013,20309640,1.797671843198961,487.75,45640.85126570437,0.6891049801943537,31851.13137899047,41403.76481316262,56154.06669443673,231.893,139.4,7.5,1639.84
47,2014,21134370,1.7174593390323671,485.35,46601.75933798831,0.706599444325429,32503.373183113574,42146.72406605922,57140.924550861935,236.918,140.1,6.3,1889.77
47,2015,21869770,1.6819131163022127,480.26,47586.61870700972,0.697284064304294,33187.980559466334,43035.591814637286,58178.862077653306,237.001,126.5,5.6,2111.94
47,2016,22301980,1.608363653926803,467.04,48904.64688337089,0.6815454553239837,34153.49756389343,44299.29397748541,59630.80176737671,239.557,119.9,4.8,2065.55
47,2017,22846600,1.6267743990627292,467.25,49947.17930020222,0.6506858817115228,35005.45406756367,45400.81150368107,60779.60543800828,244.004,122.7,4.4,2395.35
47,2018,23792740,1.6282996409049486,480.45,51239.648976956836,0.645472152556508,36010.69396378895,46664.46964073915,62104.331308626075,250.792,128.2,3.8,2701.49
47,2019,24591370,1.6890213533454514,485.74,52616.53430451414,0.6473058276276615,37143.409265120245,48051.38287944104,63510.80784437792,255.296,127.0,3.6,2854.71
47,2020,23576380,1.7250295442378434,480.27,53968.66208043813,0.6606222443028759,38157.3264470627,49266.553168891915,65017.186353460536,255.848,119.0,13.2,2919.62
47,2021,23329190,1.7134230596516073,477.41,55886.534093125396,0.7258954181084438,40151.86419674236,50372.51034005039,64920.848627834916,268.452,132.8,5.8,4167.85
47,2022,24217570,1.5762678527556209,482.43,58402.37348338417,0.6643384173970891,42274.709729341135,52698.50011788961,68884.84944608399,291.359,148.2,3.6,4040.36
47,2023,24838710,1.6871517071064621,482.21999999999997,61509.836642080045,0.6089767622143827,45501.25999297065,56240.052398051266,72929.87236857308,303.365,139.7,3.7,4146.17
49,2005,10588490,2.346885245335362,249.89,38038.54704495164,0.7855050209162455,28172.311831054285,36411.13201221326,46164.48295271564,193.6,107.9,5.1,1178.28
49,2006,10677800,2.2351702638237203,249.02,39041.61863867089,0.7301686724960234,28918.386109498213,37358.92421659893,47416.466772181535,201.3,117.2,4.6,1290.01
49,2007,10763860,2.1483552406706723,247.76,39927.80855566683,0.6867489978286136,29630.191390449152,38219.9977517359,48500.804200351915,206.755,118.6,4.4,1511.14
49,2008,10719310,2.117726236876828,247.21,41227.07430795452,0.6823170580084408,30580.296203766848,39461.869887147586,50098.86786556224,215.208,141.2,5.4,1403.22
49,2009,10215620,2.165219831721505,249.45000000000002,42209.84507058798,0.7068194639772717,31277.424688858828,40406.912003383055,51194.93158516076,213.022,116.8,9.4,902.41
49,2010,9845190,2.1994409407760034,253.29,42797.465879277086,0.696854816582235,31648.584780994577,40992.70322868325,51927.74023660285,217.29,126.7,9.6,1125.06
49,2011,9963460,2.186211824170336,255.24,43372.47970082682,0.7143132070845718,31983.283457754635,41555.68436065383,52714.26648975356,224.806,143.1,9.0,1338.31
49,2012,20263030,2.1412271954653392,508.71,43862.982337784626,0.7096644527051726,32380.29619953186,42089.274896202594,53379.25279190723,228.713,142.0,8.2,1341.27
49,2013,20533960,2.0792260702867584,505.71,44412.475026736196,0.709326261066275,32657.902620829103,42517.36341650612,54096.155739078094,231.893,139.4,7.5,1639.84
49,2014,20856150,2.010789529298561,501.13,45239.00055858823,0.7092100942225639,33118.82193501677,43226.622837867966,55160.67631370123,236.918,140.1,6.3,1889.77
49,2015,21464270,2.038256786696418,504.35,45990.849378991225,0.7197203118120322,33584.51049581467,43874.9999557404,56164.92943855067,237.001,126.5,5.6,2111.94
49,2016,21765050,2.0287724591748173,506.42,46663.569681668545,0.7009890208411764,34050.7065455857,44449.52884555744,57031.08488609031,239.557,119.9,4.8,2065.55
49,2017,22049500,2.0278408151014706,509.84000000000003,47859.69198848047,0.6848449222934663,35038.51439715186,45521.97436223044,58390.87081793238,244.004,122.7,4.4,2395.35
49,2018,22411970,2.0883737181862387,509.12,48939.58284791565,0.6881149723055832,35903.40197224965,46558.68958864392,59596.297465149204,250.792,128.2,3.8,2701.49
49,2019,22698260,2.1352111166761976,509.11,50114.70977951614,0.6846338511384138,36898.41671564252,47651.48569537929,60932.39816620305,255.296,127.0,3.6,2854.71
49,2020,21885800,2.280187745929082,519.79,52351.31456926409,0.7423736883210886,38612.81715084667,49835.124573924644,63589.04428442186,255.848,119.0,13.2,2919.62
49,2021,22266250,2.072956653369729,532.4,53377.070957166114,0.7025580902187913,40438.53384831303,50796.49516196037,63476.970378936734,268.452,132.8,5.8,4167.85
49,2022,23215220,1.8571303626499451,523.06,55689.08905881573,0.6447437581537698,42291.216309817435,52965.94472074785,65771.5371596737,291.359,148.2,3.6,4040.36
49,2023,23933510,1.9467148788508335,522.0,58495.47892891598,0.6260874037826689,44639.22717979937,55579.23035108515,68856.64695650575,303.365,139.7,3.7,4146.17
51,2005,20454680,2.0124300240150927,235.85999999999999,29903.14006867866,0.6841840128214556,21645.96663941944,27664.22947706833,35898.507847592824,193.6,107.9,5.1,1178.28
51,2006,20479900,1.8609134329762302,232.59,30480.909315963458,0.6322821928085605,22064.562590637648,28168.23889276803,36531.08587932558,201.3,117.2,4.6,1290.01
51,2007,20252420,1.854633768482326,231.24,31305.094941740295,0.634271265266447,22708.15943477372,28954.473149381654,37534.596566731285,206.755,118.6,4.4,1511.14
51,2008,19786450,1.8550768359767207,229.24,32307.529294037082,0.6155659595002665,23515.364261906507,29918.490047481988,38635.37682606026,215.208,141.2,5.4,1403.22
51,2009,17825250,1.871326748185722,224.02,33290.654790255394,0.6170602989976727,24239.365102873733,30875.644397694283,39800.80484705685,213.022,116.8,9.4,902.41
51,2010,16443950,1.882864154755142,220.79,33769.418187236035,0.6213521717811633,24597.56509232879,31327.630204421686,40362.605931056714,217.29,126.7,9.6,1125.06
51,2011,16707950,1.8860173739505313,222.05,34216.12788522829,0.6470937499028775,24896.750008229614,31751.909941075955,41005.090265412575,224.806,143.1,9.0,1338.31
51,2012,34324420,1.8850822549200765,444.37,34500.45861517835,0.6500765674115886,25377.233468183877,32252.23667289935,41292.08229010133,228.713,142.0,8.2,1341.27
51,2013,34979650,1.929495865506281,448.1,34936.701822345276,0.6593305569584611,25592.416876669722,32612.096990678867,41844.14529019015,231.893,139.4,7.5,1639.84
51,2014,35648730,1.9590385428612909,453.19,35498.53494079593,0.6499016975007842,25995.15936752866,33103.181630874366,42501.00348315354,236.918,140.1,6.3,1889.77
51,2015,34531520,2.0940724604851657,436.04,35316.22831835957,0.6879783496868875,25842.917331759505,32770.12429224083,42187.606887852024,237.001,126.5,5.6,2111.94
51,2016,36356830,2.03340300257413,448.0,37190.084740611324,0.6528071385521083,27314.928292703185,34538.310245970286,44475.28209967701,239.557,119.9,4.8,2065.55
51,2017,34654480,2.0502530141940025,430.65,37117.42587682747,0.6475580402514721,27361.881736502753,34426.95679173371,44284.21406698355,244.004,122.7,4.4,2395.35
51,2018,36173250,2.023599600910854,434.33,39248.92928890824,0.6161134872189697,29056.747693392215,36506.94971836924,46832.84846398927,250.792,128.2,3.8,2701.49
51,2019,35778640,1.9283202786203708,416.97,40249.72877113272,0.5975963629520974,30061.291720423134,37563.99905362529,47851.421510152424,255.296,127.0,3.6,2854.71
51,2020,33785730,2.108598012438121,418.88,41816.81300063666,0.642105206523977,31477.45828786295,39083.4299628867,49565.908814165035,255.848,119.0,13.2,2919.62
51,2021,33576690,1.7707722894974063,412.07,43077.11925148071,0.5145349987785592,32909.39899376621,40022.022224346714,49428.29486468142,268.452,132.8,5.8,4167.85
51,2022,34895750,1.6513027502165634,414.34,45370.783387661824,0.540757750329886,35735.65451380183,42428.917871087455,51767.90917518609,291.359,148.2,3.6,4040.36
51,2023,34996010,1.5892388554913761,403.81,47637.25872749493,0.4539680142209507,37888.231601259686,45003.99230940899,54315.19112035915,303.365,139.7,3.7,4146.17
53,2005,19150460,1.9558902538520389,342.19,28230.95457759239,0.7496729125929591,20202.170088864706,25795.723653635476,33424.21567419268,193.6,107.9,5.1,1178.28
53,2006,19248360,1.8337553432560751,338.2,28905.044045310875,0.6972982161029586,20705.4957461311,26380.820958253065,34227.56478993535,201.3,117.2,4.6,1290.01
53,2007,19239720,1.7304222188906617,333.66,30516.27655703929,0.7135174015773309,21799.17890696954,27808.828117041205,36495.723123829244,206.755,118.6,4.4,1511.14
53,2008,18970420,1.6847752552344915,330.11,31429.921562095093,0.6618584182324853,22623.412433673057,28786.525611979072,37404.16696098452,215.208,141.2,5.4,1403.22
53,2009,17648780,1.712960168588604,327.12,32164.184272227314,0.6869076601398724,23159.147153514295,29496.834727386256,38202.766406516486,213.022,116.8,9.4,902.41
53,2010,17050590,1.7735535326095866,327.45,32630.086659757813,0.6768762887582609,23549.421404186014,29899.742454659925,38631.568303501524,217.29,126.7,9.6,1125.06
53,2011,17224190,1.7625739276129366,325.82,33170.9558475609,0.6952752532554337,23905.72636507145,30361.51793495079,39280.440734803786,224.806,143.1,9.0,1338.31
53,2012,35025870,1.771140655409749,647.64,33557.39481703095,0.7332040051623194,24376.903874193562,30869.157836764654,39943.164583777645,228.713,142.0,8.2,1341.27
53,2013,35864860,1.828149643988633,651.4,33831.48077812098,0.7296759616252728,24482.939057896783,31069.852393122404,40323.605021739946,231.893,139.4,7.5,1639.84
53,2014,36221540,1.8389876858859426,650.18,34610.12167345729,0.7446809874677203,24914.879013978974,31741.959080149547,41247.154422479,236.918,140.1,6.3,1889.77
53,2015,37522640,1.900394642306821,656.58,35315.6741636516,0.7732403697096857,25404.707360676115,32335.140552477118,42066.02930923837,237.001,126.5,5.6,2111.94
53,2016,38306270,1.9004497698677802,657.36,36239.129980548874,0.7473224899034137,26126.21992953112,33157.31336671516,43113.70202319359,239.557,119.9,4.8,2065.55
53,2017,39883760,1.9228623923059682,673.79,37053.00938276632,0.7330909915697578,26852.77991593571,33934.701981458114,44114.10683195366,244.004,122.7,4.4,2395.35
53,2018,40889680,1.8651963824574598,674.5,38295.71361037797,0.7254136307933505,27847.83229411431,35136.297129251194,45526.726286437064,250.792,128.2,3.8,2701.49
53,2019,49890680,1.6086879791928816,737.83,37927.26261097263,0.6270572200387543,28143.48892017507,35035.678705922626,44667.32570291686,255.296,127.0,3.6,2854.71
53,2020,48442920,1.6894450466639284,736.78,39682.74180829727,0.6232549607701252,29717.55484805623,36872.88382905077,46429.70717289544,255.848,119.0,13.2,2919.62
53,2021,50209220,1.254669241096476,743.77,41275.19355409226,0.4546872933785735,31873.95999181027,39059.82751375146,47765.58795376626,268.452,132.8,5.8,4167.85
53,2022,53967940,1.1726180788278835,756.15,43820.97783980637,0.5509443801052322,34378.29753738979,40846.272555520925,49865.047417040565,291.359,148.2,3.6,4040.36
53,2023,54915470,1.1261739394821983,768.78,46685.458942625824,0.4051759067061092,36895.97328403089,43770.456545304995,52522.31187860179,303.365,139.7,3.7,4146.17
