NAICS,TOT_EMP,EMP_PRSE,A_MEAN,MEAN_PRSE,A_PCT25,A_MEDIAN,A_PCT75,CPI,PRICE_INDEX,UNEMPLOYMENT_RATE,SP_INDEX,YEAR
11,369310,0.9,22470,0.7,15530,17570,24990,193.6,107.9,5.1,1178.28,2005
11,379690,1.1,22960,0.7,15500,17860,25540,201.3,117.2,4.6,1290.01,2006
11,385730,0.7,23630,0.6,16050,18410,25970,206.755,118.6,4.4,1511.14,2007
11,388590,0.8,24530,0.6,16840,19230,26640,215.208,141.2,5.4,1403.22,2008
11,381900,0.7,24930,0.6,17700,19440,26880,213.022,116.8,9.4,902.41,2009
11,368400,0.8,25530,0.7,18010,19510,27820,217.29,126.7,9.6,1125.06,2010
11,371180,0.7,25680,0.7,18090,19460,27870,224.806,143.1,9.0,1338.31,2011
11,393840,1.2,25950,0.8,18170,19550,28120,228.713,142.0,8.2,1341.27,2012
11,404040,0.9,26200,0.8,18230,19610,28430,231.893,139.4,7.5,1639.84,2013
11,409720,1.0,26920,0.8,18410,20180,29480,236.918,140.1,6.3,1889.77,2014
11,412150,1.1,28280,0.8,19370,21890,30880,237.001,126.5,5.6,2111.94,2015
11,416600,1.2,29800,0.7,20820,23630,32040,239.557,119.9,4.8,2065.55,2016
11,424020,1.1,30960,0.7,21980,24480,33530,244.004,122.7,4.4,2395.35,2017
11,427090,1.2,32300,0.7,23200,25500,34970,250.792,128.2,3.8,2701.49,2018
11,430720,1.0,33510,0.7,24360,27410,36080,255.296,127.0,3.6,2854.71,2019
11,429940,1.0,35890,0.7,27080,30020,37390,255.848,119.0,13.2,2919.62,2020
11,414190,0.0,37210,0.6,29230,30010,37620,268.452,132.8,5.8,4167.85,2021
11,422650,0.0,40220,0.9,31200,34020,41080,291.359,148.2,3.6,4040.36,2022
11,413580,0.0,43010,0.6,33350,35640,44970,303.365,139.7,3.7,4146.17,2023
21,539960,0.9,45210,1.1,27370,37540,53250,193.6,107.9,5.1,1178.28,2005
21,590510,0.9,46310,0.9,28120,38500,54680,201.3,117.2,4.6,1290.01,2006
21,644070,0.9,48190,1.0,29390,39940,56280,206.755,118.6,4.4,1511.14,2007
21,685650,0.8,50380,0.8,30710,41790,58170,215.208,141.2,5.4,1403.22,2008
21,683880,0.9,52840,0.9,31930,43590,60910,213.022,116.8,9.4,902.41,2009
21,625580,0.9,55910,1.0,32810,45200,64600,217.29,126.7,9.6,1125.06,2010
21,693400,0.9,57840,1.1,33610,46100,66180,224.806,143.1,9.0,1338.31,2011
21,783110,1.0,60790,1.4,34420,47580,69310,228.713,142.0,8.2,1341.27,2012
21,807130,0.8,61690,1.2,34980,47990,70290,231.893,139.4,7.5,1639.84,2013
21,824260,0.7,62360,1.1,35510,49000,72150,236.918,140.1,6.3,1889.77,2014
21,811320,0.6,63310,0.9,36050,49570,73360,237.001,126.5,5.6,2111.94,2015
21,649130,0.8,65900,0.9,37330,52270,76900,239.557,119.9,4.8,2065.55,2016
21,591130,0.9,64370,0.8,37480,51670,75000,244.004,122.7,4.4,2395.35,2017
21,651870,0.8,64710,0.8,38090,52090,75230,250.792,128.2,3.8,2701.49,2018
21,684390,0.9,65860,0.9,39160,52920,76450,255.296,127.0,3.6,2854.71,2019
21,578890,0.8,67630,0.8,40480,54940,79230,255.848,119.0,13.2,2919.62,2020
21,491710,0.0,71540,0.6,45740,59930,79800,268.452,132.8,5.8,4167.85,2021
21,527450,0.0,73090,0.8,45680,59270,82890,291.359,148.2,3.6,4040.36,2022
21,571160,0.0,77020,0.6,47530,61800,87830,303.365,139.7,3.7,4146.17,2023
22,552440,1.1,53720,0.7,37170,51370,66570,193.6,107.9,5.1,1178.28,2005
22,546400,1.1,55750,0.6,38170,53240,69060,201.3,117.2,4.6,1290.01,2006
22,542230,1.1,57890,0.6,39270,55280,71740,206.755,118.6,4.4,1511.14,2007
22,557010,1.2,60520,0.6,40920,57610,74950,215.208,141.2,5.4,1403.22,2008
22,558640,1.1,61530,0.7,41660,58650,75550,213.022,116.8,9.4,902.41,2009
22,550680,1.4,63400,0.6,43190,60770,77650,217.29,126.7,9.6,1125.06,2010
22,551690,1.3,64950,0.6,44220,62610,80080,224.806,143.1,9.0,1338.31,2011
22,552750,1.3,66360,0.7,45270,63900,82040,228.713,142.0,8.2,1341.27,2012
22,544310,1.0,68680,0.7,47030,66030,85320,231.893,139.4,7.5,1639.84,2013
22,547980,1.0,70980,0.7,48830,68190,88180,236.918,140.1,6.3,1889.77,2014
22,553890,1.0,73100,0.6,49970,70020,91210,237.001,126.5,5.6,2111.94,2015
22,549960,1.0,75620,0.7,51680,72290,94270,239.557,119.9,4.8,2065.55,2016
22,552270,1.1,77350,0.6,52950,73930,96230,244.004,122.7,4.4,2395.35,2017
22,553830,1.0,79290,0.6,54070,75890,98740,250.792,128.2,3.8,2701.49,2018
22,547100,1.5,81550,0.7,54960,77990,101190,255.296,127.0,3.6,2854.71,2019
22,541300,1.4,84080,0.7,56420,80650,104530,255.848,119.0,13.2,2919.62,2020
22,539510,0.0,89060,0.2,61440,82220,103010,268.452,132.8,5.8,4167.85,2021
22,542780,0.0,93650,0.3,64490,91990,110000,291.359,148.2,3.6,4040.36,2022
22,564750,0.0,97250,0.3,66340,95530,117130,303.365,139.7,3.7,4146.17,2023
23,7215240,0.2,40960,0.2,25370,35130,50390,193.6,107.9,5.1,1178.28,2005
23,7633080,0.2,41950,0.2,26190,35900,51410,201.3,117.2,4.6,1290.01,2006
23,7671680,0.2,43320,0.2,27140,36950,52980,206.755,118.6,4.4,1511.14,2007
23,7456300,0.2,45100,0.2,28170,38240,55350,215.208,141.2,5.4,1403.22,2008
23,6497870,0.2,46500,0.2,28750,39190,57310,213.022,116.8,9.4,902.41,2009
23,5662980,0.2,47470,0.2,29200,39840,58420,217.29,126.7,9.6,1125.06,2010
23,5543800,0.2,48390,0.2,29810,40690,59450,224.806,143.1,9.0,1338.31,2011
23,5611950,0.2,48920,0.2,30210,41310,60210,228.713,142.0,8.2,1341.27,2012
23,5797170,0.2,49540,0.2,30640,41830,60940,231.893,139.4,7.5,1639.84,2013
23,6094090,0.2,50120,0.2,31080,42340,61290,236.918,140.1,6.3,1889.77,2014
23,6393080,0.2,51300,0.2,31770,43340,62200,237.001,126.5,5.6,2111.94,2015
23,6687380,0.2,52630,0.2,32680,44630,63460,239.557,119.9,4.8,2065.55,2016
23,6903100,0.2,53830,0.2,33540,45820,64660,244.004,122.7,4.4,2395.35,2017
23,7166310,0.2,55290,0.2,34610,47290,66290,250.792,128.2,3.8,2701.49,2018
23,7439360,0.2,57110,0.2,35870,49030,68690,255.296,127.0,3.6,2854.71,2019
23,7286930,0.2,58900,0.2,37080,50460,71000,255.848,119.0,13.2,2919.62,2020
23,7368900,0.0,61010,0.3,37940,49070,75820,268.452,132.8,5.8,4167.85,2021
23,7683770,0.0,64090,0.5,40820,54540,77030,291.359,148.2,3.6,4040.36,2022
23,7921080,0.0,67430,0.4,45050,58500,79450,303.365,139.7,3.7,4146.17,2023
31-33,14262510,0.3,39240,0.3,23020,31850,46640,193.6,107.9,5.1,1178.28,2005
31-33,14185770,0.3,40320,0.3,23580,32540,47980,201.3,117.2,4.6,1290.01,2006
31-33,13960700,0.3,41790,0.3,24420,33550,49780,206.755,118.6,4.4,1511.14,2007
31-33,13655340,0.3,43270,0.3,25260,34570,51250,215.208,141.2,5.4,1403.22,2008
31-33,12444560,0.3,44560,0.4,25810,35540,52660,213.022,116.8,9.4,902.41,2009
31-33,11494240,0.3,45680,0.4,26270,36320,54160,217.29,126.7,9.6,1125.06,2010
31-33,11606530,0.3,46620,0.4,26710,36980,55520,224.806,143.1,9.0,1338.31,2011
31-33,11866540,0.3,47240,0.4,26980,37400,56290,228.713,142.0,8.2,1341.27,2012
31-33,11983290,0.3,47830,0.4,27200,37690,56890,231.893,139.4,7.5,1639.84,2013
31-33,12100740,0.3,48610,0.4,27560,38150,57690,236.918,140.1,6.3,1889.77,2014
31-33,12303190,0.3,49550,0.5,28010,38710,58660,237.001,126.5,5.6,2111.94,2015
31-33,12337520,0.3,50720,0.5,28750,39530,59820,239.557,119.9,4.8,2065.55,2016
31-33,12299600,0.3,51740,0.5,29420,40270,60860,244.004,122.7,4.4,2395.35,2017
31-33,12527100,0.3,53020,0.4,30380,41360,62050,250.792,128.2,3.8,2701.49,2018
31-33,12707850,0.3,54260,0.4,31460,42560,63260,255.296,127.0,3.6,2854.71,2019
31-33,12105940,0.3,56270,0.6,32690,44100,65400,255.848,119.0,13.2,2919.62,2020
31-33,12096600,0.0,57620,0.1,36280,46830,62730,268.452,132.8,5.8,4167.85,2021
31-33,12585140,0.0,60870,0.1,37020,47620,68060,291.359,148.2,3.6,4040.36,2022
31-33,12835000,0.0,64440,0.1,38630,49240,73560,303.365,139.7,3.7,4146.17,2023
42,5736020,0.2,43410,0.3,23370,33480,51500,193.6,107.9,5.1,1178.28,2005
42,5862420,0.2,44930,0.3,24090,34480,53320,201.3,117.2,4.6,1290.01,2006
42,5964920,0.2,46900,0.3,25050,35740,55610,206.755,118.6,4.4,1511.14,2007
42,6011920,0.2,48700,0.3,25960,36850,57460,215.208,141.2,5.4,1403.22,2008
42,5734040,0.2,49920,0.3,26450,37520,58690,213.022,116.8,9.4,902.41,2009
42,5464490,0.2,50660,0.3,26780,38050,59510,217.29,126.7,9.6,1125.06,2010
42,5538220,0.2,51380,0.3,27170,38710,60400,224.806,143.1,9.0,1338.31,2011
42,5623510,0.2,52150,0.3,27390,39230,61440,228.713,142.0,8.2,1341.27,2012
42,5701640,0.2,52870,0.3,27660,39690,62350,231.893,139.4,7.5,1639.84,2013
42,5780070,0.2,53710,0.3,27940,40120,63010,236.918,140.1,6.3,1889.77,2014
42,5838140,0.2,54830,0.3,28590,40980,63830,237.001,126.5,5.6,2111.94,2015
42,5840730,0.2,56190,0.3,29380,42070,65130,239.557,119.9,4.8,2065.55,2016
42,5845580,0.2,56970,0.3,30070,42910,66020,244.004,122.7,4.4,2395.35,2017
42,5797820,0.2,57720,0.3,30970,43820,66870,250.792,128.2,3.8,2701.49,2018
42,5848510,0.2,59110,0.3,32240,45180,68770,255.296,127.0,3.6,2854.71,2019
42,5639170,0.2,61170,0.3,33610,46810,71400,255.848,119.0,13.2,2919.62,2020
42,5556180,0.0,63100,0.3,36720,47770,75460,268.452,132.8,5.8,4167.85,2021
42,5842970,0.0,67010,0.5,37850,49790,76850,291.359,148.2,3.6,4040.36,2022
42,6013210,0.0,71410,0.5,39850,53320,80030,303.365,139.7,3.7,4146.17,2023
44-45,15369450,0.1,26360,0.2,16080,20480,29270,193.6,107.9,5.1,1178.28,2005
44-45,15516280,0.1,27040,0.2,16500,21000,30080,201.3,117.2,4.6,1290.01,2006
44-45,15642700,0.1,27810,0.1,16990,21470,30870,206.755,118.6,4.4,1511.14,2007
44-45,15641530,0.1,28560,0.2,17540,21950,31490,215.208,141.2,5.4,1403.22,2008
44-45,14974830,0.1,28680,0.2,17780,22000,31440,213.022,116.8,9.4,902.41,2009
44-45,14622020,0.1,28980,0.2,18150,22250,31680,217.29,126.7,9.6,1125.06,2010
44-45,14773220,0.1,29430,0.2,18440,22620,32240,224.806,143.1,9.0,1338.31,2011
44-45,14982710,0.1,29710,0.2,18540,22740,32610,228.713,142.0,8.2,1341.27,2012
44-45,15195950,0.1,30100,0.2,18660,22980,33020,231.893,139.4,7.5,1639.84,2013
44-45,15472510,0.1,30560,0.2,18800,23270,33550,236.918,140.1,6.3,1889.77,2014
44-45,15750910,0.1,31280,0.2,19200,23670,34300,237.001,126.5,5.6,2111.94,2015
44-45,15982520,0.2,32120,0.2,19820,24260,35210,239.557,119.9,4.8,2065.55,2016
44-45,16009120,0.2,32930,0.2,20750,24880,35960,244.004,122.7,4.4,2395.35,2017
44-45,16002150,0.1,33720,0.2,21810,25790,36520,250.792,128.2,3.8,2701.49,2018
44-45,15822440,0.1,34870,0.2,22910,27360,37530,255.296,127.0,3.6,2854.71,2019
44-45,14707570,0.1,36510,0.6,23880,29060,38800,255.848,119.0,13.2,2919.62,2020
44-45,15311370,0.0,37590,0.2,26000,29870,37970,268.452,132.8,5.8,4167.85,2021
44-45,15502430,0.0,40420,0.3,28090,33260,41630,291.359,148.2,3.6,4040.36,2022
44-45,15580040,0.0,42720,0.4,29650,35330,44680,303.365,139.7,3.7,4146.17,2023
48-49,5131180,0.4,39570,0.6,25150,35560,47660,193.6,107.9,5.1,1178.28,2005
48-49,5203910,0.5,40340,0.5,25860,36490,47510,201.3,117.2,4.6,1290.01,2006
48-49,5306240,0.4,41620,0.6,26630,37580,48730,206.755,118.6,4.4,1511.14,2007
48-49,5346660,0.5,42330,0.4,27230,38240,51930,215.208,141.2,5.4,1403.22,2008
48-49,5085590,0.5,42760,0.4,27460,38700,52530,213.022,116.8,9.4,902.41,2009
48-49,4859390,0.5,43400,0.4,27900,39130,53100,217.29,126.7,9.6,1125.06,2010
48-49,4925020,0.5,44110,0.4,28310,40170,54030,224.806,143.1,9.0,1338.31,2011
48-49,5014660,0.5,44880,0.4,28720,40410,54620,228.713,142.0,8.2,1341.27,2012
48-49,5081510,0.6,45170,0.4,28790,40110,55020,231.893,139.4,7.5,1639.84,2013
48-49,5202640,0.6,45760,0.4,28910,40530,56070,236.918,140.1,6.3,1889.77,2014
48-49,5404270,0.5,46180,0.4,29090,40160,56910,237.001,126.5,5.6,2111.94,2015
48-49,5606180,0.5,46940,0.5,29450,40350,57560,239.557,119.9,4.8,2065.55,2016
48-49,5792400,0.5,47720,0.5,30020,40950,58570,244.004,122.7,4.4,2395.35,2017
48-49,6032280,0.4,48960,0.5,30790,41940,60100,250.792,128.2,3.8,2701.49,2018
48-49,6281590,0.4,49850,0.5,31740,42800,60750,255.296,127.0,3.6,2854.71,2019
48-49,6353500,0.4,51150,0.5,32890,43590,62120,255.848,119.0,13.2,2919.62,2020
48-49,6718030,0.0,53030,0.2,36750,46740,61570,268.452,132.8,5.8,4167.85,2021
48-49,7215700,0.0,56290,0.3,37910,47420,63850,291.359,148.2,3.6,4040.36,2022
48-49,7333400,0.0,59320,0.2,39670,49180,66350,303.365,139.7,3.7,4146.17,2023
51,3081510,0.5,50040,0.8,26460,42430,63790,193.6,107.9,5.1,1178.28,2005
51,3056170,0.6,51860,0.9,27390,43860,65960,201.3,117.2,4.6,1290.01,2006
51,3019040,0.6,54600,1.2,28560,46020,69340,206.755,118.6,4.4,1511.14,2007
51,3019290,0.6,57320,1.2,29850,48050,72560,215.208,141.2,5.4,1403.22,2008
51,2876820,0.5,59070,1.2,30340,49120,74700,213.022,116.8,9.4,902.41,2009
51,2708760,0.6,60500,1.1,31050,50280,76330,217.29,126.7,9.6,1125.06,2010
51,2686220,0.7,62690,1.1,31760,51850,79520,224.806,143.1,9.0,1338.31,2011
51,2688380,0.6,63980,1.1,32410,53180,81760,228.713,142.0,8.2,1341.27,2012
51,2700210,0.7,65980,1.5,32760,54320,84860,231.893,139.4,7.5,1639.84,2013
51,2735590,0.8,67700,1.5,33390,55770,87200,236.918,140.1,6.3,1889.77,2014
51,2749040,1.0,70440,1.6,34560,57860,91070,237.001,126.5,5.6,2111.94,2015
51,2762090,0.6,72510,1.1,35690,59390,93550,239.557,119.9,4.8,2065.55,2016
51,2800500,0.6,74460,1.1,37130,61380,96310,244.004,122.7,4.4,2395.35,2017
51,2793880,0.5,76990,1.3,38600,63410,99620,250.792,128.2,3.8,2701.49,2018
51,2831080,0.5,80050,1.3,40070,65850,103780,255.296,127.0,3.6,2854.71,2019
51,2761460,0.6,85350,1.3,44070,71140,110690,255.848,119.0,13.2,2919.62,2020
51,2748850,0.0,91930,0.6,47530,77000,125500,268.452,132.8,5.8,4167.85,2021
51,2998400,0.0,105700,0.9,48410,79980,131300,291.359,148.2,3.6,4040.36,2022
51,3039950,0.0,108110,0.4,51290,84700,138340,303.365,139.7,3.7,4146.17,2023
52,5863340,0.3,49200,0.4,25600,36490,57970,193.6,107.9,5.1,1178.28,2005
52,5992570,0.3,51150,0.4,26640,38060,60640,201.3,117.2,4.6,1290.01,2006
52,5990930,0.3,53190,0.4,27610,39480,63310,206.755,118.6,4.4,1511.14,2007
52,5916480,0.3,55440,0.4,28710,40820,65990,215.208,141.2,5.4,1403.22,2008
52,5706700,0.3,56810,0.4,29240,41830,67720,213.022,116.8,9.4,902.41,2009
52,5504920,0.3,58250,0.4,29680,42960,69930,217.29,126.7,9.6,1125.06,2010
52,5488540,0.4,60150,0.4,30370,44420,72240,224.806,143.1,9.0,1338.31,2011
52,5535000,0.4,61640,0.4,30920,45310,73890,228.713,142.0,8.2,1341.27,2012
52,5586790,0.4,63300,0.4,31700,46390,75700,231.893,139.4,7.5,1639.84,2013
52,5618720,0.4,65100,0.4,32300,47550,77840,236.918,140.1,6.3,1889.77,2014
52,5665510,0.3,67390,0.4,33130,49090,80470,237.001,126.5,5.6,2111.94,2015
52,5775240,0.4,69680,0.5,34060,50780,82840,239.557,119.9,4.8,2065.55,2016
52,5857390,0.4,71440,0.5,34970,52200,85360,244.004,122.7,4.4,2395.35,2017
52,5918880,0.3,73170,0.5,36190,53850,87700,250.792,128.2,3.8,2701.49,2018
52,5972610,0.4,75280,0.4,37720,56170,91360,255.296,127.0,3.6,2854.71,2019
52,5985770,0.4,77930,0.4,39150,58320,94860,255.848,119.0,13.2,2919.62,2020
52,6043390,0.0,81420,0.3,39750,61230,99640,268.452,132.8,5.8,4167.85,2021
52,6187070,0.0,88270,0.7,45120,63270,103430,291.359,148.2,3.6,4040.36,2022
52,6258320,0.0,94150,0.7,47080,68020,108880,303.365,139.7,3.7,4146.17,2023
53,2108600,0.4,34850,0.5,19300,26780,39600,193.6,107.9,5.1,1178.28,2005
53,2148700,0.4,36020,0.5,19940,27740,40650,201.3,117.2,4.6,1290.01,2006
53,2143100,0.3,37420,0.5,20650,28880,42020,206.755,118.6,4.4,1511.14,2007
53,2137390,0.3,38710,0.4,21480,29990,43460,215.208,141.2,5.4,1403.22,2008
53,2018810,0.3,39850,0.4,22040,30680,44950,213.022,116.8,9.4,902.41,2009
53,1925960,0.3,40540,0.4,22370,31160,45730,217.29,126.7,9.6,1125.06,2010
53,1908910,0.3,41290,0.4,22810,31830,46310,224.806,143.1,9.0,1338.31,2011
53,1928950,0.3,41510,0.4,23080,32280,46800,228.713,142.0,8.2,1341.27,2012
53,1966480,0.3,42320,0.4,23540,32940,47550,231.893,139.4,7.5,1639.84,2013
53,2017970,0.3,43630,0.4,24100,33870,49040,236.918,140.1,6.3,1889.77,2014
53,2066420,0.3,45030,0.4,24780,34810,50540,237.001,126.5,5.6,2111.94,2015
53,2110600,0.3,46590,0.4,25620,35860,52310,239.557,119.9,4.8,2065.55,2016
53,2147230,0.3,47760,0.4,26470,36830,54050,244.004,122.7,4.4,2395.35,2017
53,2197430,0.3,49610,0.4,27700,38290,56560,250.792,128.2,3.8,2701.49,2018
53,2259880,0.3,51190,0.5,28970,39560,58630,255.296,127.0,3.6,2854.71,2019
53,2178510,0.3,53030,0.5,30190,40950,60720,255.848,119.0,13.2,2919.62,2020
53,2158810,0.0,54400,0.6,30750,44420,60640,268.452,132.8,5.8,4167.85,2021
53,2317220,0.0,58530,1.1,35360,46200,63440,291.359,148.2,3.6,4040.36,2022
53,2388050,0.0,61630,0.6,37200,47990,66770,303.365,139.7,3.7,4146.17,2023
54,6928030,0.2,58560,0.3,29950,46890,74650,193.6,107.9,5.1,1178.28,2005
54,7243130,0.3,60590,0.3,31090,48750,77670,201.3,117.2,4.6,1290.01,2006
54,7519060,0.2,63370,0.3,32360,50920,81090,206.755,118.6,4.4,1511.14,2007
54,7747850,0.2,66040,0.2,33580,52850,84030,215.208,141.2,5.4,1403.22,2008
54,7610310,0.2,68240,0.3,34520,54710,86620,213.022,116.8,9.4,902.41,2009
54,7385950,0.3,69960,0.2,35370,56310,89110,217.29,126.7,9.6,1125.06,2010
54,7546400,0.3,71610,0.2,36300,57980,91210,224.806,143.1,9.0,1338.31,2011
54,7768610,0.2,72930,0.2,36900,59140,92730,228.713,142.0,8.2,1341.27,2012
54,8018890,0.2,74190,0.2,37530,60310,94220,231.893,139.4,7.5,1639.84,2013
54,8231540,0.2,75570,0.2,38170,61250,96180,236.918,140.1,6.3,1889.77,2014
54,8483010,0.2,77570,0.3,39080,62640,98860,237.001,126.5,5.6,2111.94,2015
54,8739110,0.2,79700,0.3,40220,64100,101310,239.557,119.9,4.8,2065.55,2016
54,8850270,0.2,81340,0.3,41200,65370,102790,244.004,122.7,4.4,2395.35,2017
54,9118340,0.2,83370,0.3,42630,67230,105290,250.792,128.2,3.8,2701.49,2018
54,9379990,0.2,85720,0.3,44310,69690,108880,255.296,127.0,3.6,2854.71,2019
54,9409320,0.2,88920,0.3,46050,72510,113440,255.848,119.0,13.2,2919.62,2020
54,9606220,0.0,91150,0.3,47480,76920,122120,268.452,132.8,5.8,4167.85,2021
54,10371480,0.0,96920,0.7,49350,78560,125660,291.359,148.2,3.6,4040.36,2022
54,10747310,0.0,102670,0.5,52000,80850,130100,303.365,139.7,3.7,4146.17,2023
55,1739370,0.6,56430,0.7,29170,44840,71580,193.6,107.9,5.1,1178.28,2005
55,1786440,0.7,59080,0.6,30870,47450,75220,201.3,117.2,4.6,1290.01,2006
55,1915250,0.7,62260,0.6,32450,50000,79660,206.755,118.6,4.4,1511.14,2007
55,1916450,0.7,65130,0.5,33900,52030,82690,215.208,141.2,5.4,1403.22,2008
55,1919180,0.7,67380,0.5,35130,53890,85150,213.022,116.8,9.4,902.41,2009
55,1906290,0.6,69280,0.5,36250,55700,87280,217.29,126.7,9.6,1125.06,2010
55,1905510,0.6,71650,0.5,37490,57900,90370,224.806,143.1,9.0,1338.31,2011
55,2003680,0.6,73320,0.5,38250,59320,92360,228.713,142.0,8.2,1341.27,2012
55,2130720,0.6,74930,0.5,38770,60480,94290,231.893,139.4,7.5,1639.84,2013
55,2206620,0.6,77470,0.6,39720,62210,97220,236.918,140.1,6.3,1889.77,2014
55,2259540,0.6,79600,0.6,40620,63630,99940,237.001,126.5,5.6,2111.94,2015
55,2302590,0.6,81840,0.6,41760,65380,102590,239.557,119.9,4.8,2065.55,2016
55,2326030,0.6,83150,0.6,42850,66680,104080,244.004,122.7,4.4,2395.35,2017
55,2372520,0.5,85430,0.5,44370,69020,107330,250.792,128.2,3.8,2701.49,2018
55,2463870,0.6,87280,0.5,45950,71200,110560,255.296,127.0,3.6,2854.71,2019
55,2422030,0.6,89950,0.5,47620,74070,114620,255.848,119.0,13.2,2919.62,2020
55,2540030,0.0,93220,0.3,48220,77750,123900,268.452,132.8,5.8,4167.85,2021
55,2683490,0.0,99790,0.4,51480,80520,127470,291.359,148.2,3.6,4040.36,2022
55,2771010,0.0,106640,0.4,57140,84440,132400,303.365,139.7,3.7,4146.17,2023
56,8102250,0.2,29510,0.4,17450,22610,33470,193.6,107.9,5.1,1178.28,2005
56,8350180,0.3,30290,0.3,17950,23340,34160,201.3,117.2,4.6,1290.01,2006
56,8506680,0.3,31440,0.3,18640,24330,35340,206.755,118.6,4.4,1511.14,2007
56,8379080,0.3,32640,0.3,19300,25290,36650,215.208,141.2,5.4,1403.22,2008
56,7528410,0.3,33630,0.3,19690,25980,37670,213.022,116.8,9.4,902.41,2009
56,7387140,0.3,34140,0.3,19840,26350,38210,217.29,126.7,9.6,1125.06,2010
56,7724320,0.3,34580,0.3,19910,26620,38640,224.806,143.1,9.0,1338.31,2011
56,7991260,0.3,34650,0.3,19910,26500,38660,228.713,142.0,8.2,1341.27,2012
56,8285760,0.3,35320,0.3,20200,26960,39360,231.893,139.4,7.5,1639.84,2013
56,8627320,0.3,35840,0.3,20520,27340,39810,236.918,140.1,6.3,1889.77,2014
56,8882420,0.2,36660,0.3,21030,27930,40770,237.001,126.5,5.6,2111.94,2015
56,9070140,0.3,37970,0.3,21920,28870,42340,239.557,119.9,4.8,2065.55,2016
56,9108260,0.2,38930,0.3,22830,29710,43630,244.004,122.7,4.4,2395.35,2017
56,9265630,0.2,40410,0.3,23940,30860,45510,250.792,128.2,3.8,2701.49,2018
56,9372940,0.2,42010,0.5,25130,32200,47250,255.296,127.0,3.6,2854.71,2019
56,8666010,0.3,43940,0.3,27060,33880,49230,255.848,119.0,13.2,2919.62,2020
56,8904300,0.0,45260,0.3,29140,36360,47900,268.452,132.8,5.8,4167.85,2021
56,9541430,0.0,49140,0.5,30470,36930,50530,291.359,148.2,3.6,4040.36,2022
56,9496560,0.0,52650,0.5,33900,39100,56160,303.365,139.7,3.7,4146.17,2023
61,12137420,0.5,41840,0.7,24630,36860,53030,193.6,107.9,5.1,1178.28,2005
61,12291320,0.4,43560,0.7,25570,38250,54950,201.3,117.2,4.6,1290.01,2006
61,12455550,0.4,44960,0.4,26540,39650,56660,206.755,118.6,4.4,1511.14,2007
61,12655780,0.4,46920,0.4,27590,41280,59070,215.208,141.2,5.4,1403.22,2008
61,12795350,0.4,48030,0.4,28220,42270,60170,213.022,116.8,9.4,902.41,2009
61,12826190,0.4,49200,0.5,28670,43120,61440,217.29,126.7,9.6,1125.06,2010
61,12747270,0.4,49860,0.4,28990,43750,62260,224.806,143.1,9.0,1338.31,2011
61,12683810,0.4,50240,0.4,28960,43880,62810,228.713,142.0,8.2,1341.27,2012
61,12706550,0.4,50600,0.4,29120,44140,63300,231.893,139.4,7.5,1639.84,2013
61,12758610,0.4,51370,0.4,29540,44740,64040,236.918,140.1,6.3,1889.77,2014
61,12861660,0.3,52360,0.4,30100,45530,65050,237.001,126.5,5.6,2111.94,2015
61,12982910,0.3,54140,0.5,31020,46710,66920,239.557,119.9,4.8,2065.55,2016
61,13042580,0.4,55210,0.4,31550,47600,68480,244.004,122.7,4.4,2395.35,2017
61,13149990,0.4,56710,0.4,32340,48840,70600,250.792,128.2,3.8,2701.49,2018
61,13275220,0.5,58080,0.5,33160,50150,72700,255.296,127.0,3.6,2854.71,2019
61,12740960,0.4,60090,0.4,34290,51690,74870,255.848,119.0,13.2,2919.62,2020
61,12488260,0.0,61620,0.2,37180,50130,77030,268.452,132.8,5.8,4167.85,2021
61,12951510,0.0,63600,0.3,38140,55100,77840,291.359,148.2,3.6,4040.36,2022
61,13313610,0.0,67020,0.3,40260,59260,80360,303.365,139.7,3.7,4146.17,2023
62,15233920,0.3,39400,0.2,20820,29530,47040,193.6,107.9,5.1,1178.28,2005
62,15586670,0.3,41050,0.2,21520,30620,49250,201.3,117.2,4.6,1290.01,2006
62,16006410,0.3,42600,0.2,22190,31580,51170,206.755,118.6,4.4,1511.14,2007
62,16499250,0.2,44330,0.2,22920,32550,53130,215.208,141.2,5.4,1403.22,2008
62,16867510,0.3,45430,0.2,23140,33190,54410,213.022,116.8,9.4,902.41,2009
62,17159240,0.3,46540,0.2,23380,33980,55790,217.29,126.7,9.6,1125.06,2010
62,17428210,0.3,47550,0.2,23630,34790,57140,224.806,143.1,9.0,1338.31,2011
62,17720090,0.2,48180,0.2,23870,35240,57970,228.713,142.0,8.2,1341.27,2012
62,18059100,0.2,48960,0.2,24110,35690,58830,231.893,139.4,7.5,1639.84,2013
62,18341690,0.3,49770,0.2,24350,36160,59620,236.918,140.1,6.3,1889.77,2014
62,18738850,0.3,50970,0.2,24810,36850,60700,237.001,126.5,5.6,2111.94,2015
62,19257910,0.3,52270,0.2,25480,37680,62030,239.557,119.9,4.8,2065.55,2016
62,20208050,0.2,52750,0.2,25730,37780,62480,244.004,122.7,4.4,2395.35,2017
62,20621190,0.2,54020,0.3,26700,38610,63810,250.792,128.2,3.8,2701.49,2018
62,21025440,0.2,55300,0.2,27850,39490,65360,255.296,127.0,3.6,2854.71,2019
62,20569100,0.2,57160,0.3,29290,40770,67470,255.848,119.0,13.2,2919.62,2020
62,20833710,0.0,60070,0.2,29830,42080,71710,268.452,132.8,5.8,4167.85,2021
62,21300140,0.0,63710,0.2,33270,44910,75310,291.359,148.2,3.6,4040.36,2022
62,22068580,0.0,67320,0.2,35780,46810,78350,303.365,139.7,3.7,4146.17,2023
71,1843720,0.5,27920,0.4,15710,20540,31530,193.6,107.9,5.1,1178.28,2005
71,1866930,0.6,29260,0.5,16140,21260,32770,201.3,117.2,4.6,1290.01,2006
71,1923380,0.6,30320,0.4,16670,22110,34040,206.755,118.6,4.4,1511.14,2007
71,1974230,0.5,31360,0.4,17270,22890,35100,215.208,141.2,5.4,1403.22,2008
71,1928740,0.5,32060,0.4,17780,23160,35960,213.022,116.8,9.4,902.41,2009
71,1888640,0.5,32670,0.4,18240,23340,36510,217.29,126.7,9.6,1125.06,2010
71,1893350,0.5,33090,0.4,18480,23480,36870,224.806,143.1,9.0,1338.31,2011
71,1937910,0.5,33440,0.4,18620,23690,37410,228.713,142.0,8.2,1341.27,2012
71,1991510,0.5,33940,0.5,18700,23910,38010,231.893,139.4,7.5,1639.84,2013
71,2198590,0.7,34500,0.5,18890,24300,38620,236.918,140.1,6.3,1889.77,2014
71,2243250,1.0,35510,0.5,19360,24940,39670,237.001,126.5,5.6,2111.94,2015
71,2322400,1.1,36260,0.4,19990,25570,40600,239.557,119.9,4.8,2065.55,2016
71,2370160,0.9,36870,0.4,20800,26340,41600,244.004,122.7,4.4,2395.35,2017
71,2422590,1.2,37810,0.4,21780,27440,42840,250.792,128.2,3.8,2701.49,2018
71,2484140,1.1,39300,0.5,22880,28870,44630,255.296,127.0,3.6,2854.71,2019
71,1858110,1.0,41530,0.6,23970,30620,46920,255.848,119.0,13.2,2919.62,2020
71,1907250,0.0,42630,0.9,24360,30580,47570,268.452,132.8,5.8,4167.85,2021
71,2298200,0.0,47820,0.7,27660,34770,49980,291.359,148.2,3.6,4040.36,2022
71,2523660,0.0,50550,0.8,29430,36700,52770,303.365,139.7,3.7,4146.17,2023
72,10842570,0.1,19090,0.2,13680,16280,20930,193.6,107.9,5.1,1178.28,2005
72,11049000,0.1,19650,0.2,14150,16630,21570,201.3,117.2,4.6,1290.01,2006
72,11341810,0.1,20540,0.2,14900,17220,22390,206.755,118.6,4.4,1511.14,2007
72,11525590,0.1,21350,0.2,15590,17920,23180,215.208,141.2,5.4,1403.22,2008
72,11282380,0.1,21970,0.2,16060,18470,23450,213.022,116.8,9.4,902.41,2009
72,11104450,0.1,22440,0.3,16960,18820,23600,217.29,126.7,9.6,1125.06,2010
72,11328290,0.1,22730,0.2,17460,19010,23760,224.806,143.1,9.0,1338.31,2011
72,11675540,0.1,22800,0.2,17550,19090,23780,228.713,142.0,8.2,1341.27,2012
72,12081130,0.1,23040,0.2,17620,19180,23920,231.893,139.4,7.5,1639.84,2013
72,12548660,0.1,23530,0.2,17780,19330,24400,236.918,140.1,6.3,1889.77,2014
72,12922560,0.1,24340,0.2,18250,19740,25340,237.001,126.5,5.6,2111.94,2015
72,13338870,0.1,25250,0.2,18600,20820,26770,239.557,119.9,4.8,2065.55,2016
72,13617690,0.1,26020,0.2,18950,21990,27840,244.004,122.7,4.4,2395.35,2017
72,13872290,0.1,26890,0.2,19300,23130,29020,250.792,128.2,3.8,2701.49,2018
72,14073290,0.1,27980,0.2,19700,24200,30290,255.296,127.0,3.6,2854.71,2019
72,11439650,0.1,28830,0.2,20090,25350,31220,255.848,119.0,13.2,2919.62,2020
72,11651910,0.0,30850,0.4,22470,28480,32760,268.452,132.8,5.8,4167.85,2021
72,13203140,0.0,33690,0.3,24360,29760,36200,291.359,148.2,3.6,4040.36,2022
72,13927920,0.0,36220,0.3,27410,32540,38130,303.365,139.7,3.7,4146.17,2023
81,3811110,0.2,30710,0.3,17160,24050,36780,193.6,107.9,5.1,1178.28,2005
81,3833100,0.2,31680,0.3,17670,24900,37910,201.3,117.2,4.6,1290.01,2006
81,3881410,0.2,32820,0.3,18290,25810,39060,206.755,118.6,4.4,1511.14,2007
81,3922780,0.2,33980,0.2,18940,26710,40220,215.208,141.2,5.4,1403.22,2008
81,3823970,0.2,34850,0.3,19200,27170,41150,213.022,116.8,9.4,902.41,2009
81,3725630,0.2,35610,0.3,19370,27540,42120,217.29,126.7,9.6,1125.06,2010
81,3756780,0.2,36140,0.3,19490,27830,42990,224.806,143.1,9.0,1338.31,2011
81,3809410,0.2,36700,0.3,19610,28160,43730,228.713,142.0,8.2,1341.27,2012
81,3865410,0.2,37260,0.3,19750,28480,44390,231.893,139.4,7.5,1639.84,2013
81,3937990,0.2,38170,0.3,20010,29100,45600,236.918,140.1,6.3,1889.77,2014
81,4010090,0.2,39160,0.3,20460,29730,46660,237.001,126.5,5.6,2111.94,2015
81,4078800,0.2,40370,0.3,21420,30560,48120,239.557,119.9,4.8,2065.55,2016
81,4141910,0.2,41420,0.3,22420,31260,49110,244.004,122.7,4.4,2395.35,2017
81,4178720,0.2,42700,0.3,23450,32420,50410,250.792,128.2,3.8,2701.49,2018
81,4249730,0.2,44220,0.3,24630,33970,52130,255.296,127.0,3.6,2854.71,2019
81,3742060,0.2,47140,0.3,26660,36390,55530,255.848,119.0,13.2,2919.62,2020
81,3831410,0.0,48290,0.4,29090,37480,58390,268.452,132.8,5.8,4167.85,2021
81,4129440,0.0,51400,0.7,30160,39260,59410,291.359,148.2,3.6,4040.36,2022
81,4316400,0.0,54090,0.6,32570,42760,61430,303.365,139.7,3.7,4146.17,2023
99,9439900,0.4,44250,0.3,27600,38940,55320,193.6,107.9,5.1,1178.28,2005
99,9482720,0.4,46040,0.3,28670,40510,57970,201.3,117.2,4.6,1290.01,2006
99,9533390,0.3,47840,0.3,29730,42050,60150,206.755,118.6,4.4,1511.14,2007
99,9748080,0.3,49530,0.3,30480,43390,62300,215.208,141.2,5.4,1403.22,2008
99,9928110,0.3,51220,0.3,31490,44680,63970,213.022,116.8,9.4,902.41,2009
99,9926230,0.3,52630,0.3,32200,45710,65770,217.29,126.7,9.6,1125.06,2010
99,9861710,0.2,53580,0.2,32680,46520,67500,224.806,143.1,9.0,1338.31,2011
99,9716010,0.2,54210,0.2,32970,46960,68800,228.713,142.0,8.2,1341.27,2012
99,9681240,0.2,54940,0.2,33340,47580,69880,231.893,139.4,7.5,1639.84,2013
99,9472980,0.2,56470,0.2,34460,48850,71810,236.918,140.1,6.3,1889.77,2014
99,9547400,0.3,57350,0.3,34870,49560,72770,237.001,126.5,5.6,2111.94,2015
99,9589350,0.2,58780,0.3,35640,50670,74820,239.557,119.9,4.8,2065.55,2016
99,9661980,0.2,60060,0.3,36270,51700,76260,244.004,122.7,4.4,2395.35,2017
99,9663350,0.3,61430,0.3,37230,53180,78240,250.792,128.2,3.8,2701.49,2018
99,9725350,0.2,62720,0.3,38230,54510,79730,255.296,127.0,3.6,2854.71,2019
99,9683370,0.2,65780,0.3,39670,56620,83200,255.848,119.0,13.2,2919.62,2020
99,9675670,0.0,67800,0.1,40700,60130,81590,268.452,132.8,5.8,4167.85,2021
99,9581590,0.0,70590,0.1,43830,61060,86650,291.359,148.2,3.6,4040.36,2022
99,9770290,0.0,74410,0.1,46510,64080,91830,303.365,139.7,3.7,4146.17,2023
